标题	创建时间	来源	备注	推送网站	推送公众号	推送头条号	同步飞书
Calculator.net	2026-09-05	人工收录	程序化SEO工具站，月访问6100万，广告变现	✅	❌	❌	✅
Levels.fyi	2026-09-05	人工收录	UGC薪酬数据库，双边收费	✅	❌	❌	✅
Myinstants	2026-09-05	人工收录	UGC音效站，广告变现	✅	❌	❌	✅
Refactoring UI	2026-09-05	人工收录	电子书一次买断，累计销量3万+	✅	❌	❌	✅
RyRob	2026-09-05	人工收录	联盟营销+课程，收入全公开	✅	❌	❌	✅
ShipFast	2026-09-05	人工收录	Next.js模板一次买断，$199/249/299	✅	❌	❌	✅
Dark Reader	2026-09-05	人工收录	Chrome插件+开源捐赠，10M+用户	✅	❌	❌	✅
flomo 浮墨笔记	2026-09-05	人工收录	国内独立开发订阅SaaS，3人反向收购幕布	✅	❌	❌	✅
Covai Cars	2026-09-05	trustmrr	租车WhatsApp AI自动预订SaaS，MRR约$1K（未验证）	✅	❌	❌	✅
Reflexio	2026-09-06	ProductHunt	AI Agent行为学习平台，Free+Pro $299/mo+BYOC	✅	❌	❌	✅
Stivio	2026-09-06	IndieHackers	图生视频AI，免费送credits，Pro $19/mo	✅	❌	❌	✅
NoiseVanish	2026-09-06	IndieHackers	去背景噪音工具，Free 30s预览+$9.99/月	✅	❌	❌	✅
B2B SaaS OS	2026-09-06	IndieHackers	多租户SaaS模板，$249一次买断	✅	❌	❌	✅
StoreShot	2026-09-06	V2EX	App市场图工具，Free 3导出+Pro $6.99/月	✅	❌	❌	✅
AndroMeld	2026-09-06	V2EX	Android与Mac互通工具，买断¥88+订阅双轨	✅	❌	❌	✅
多答AI	2026-09-06	V2EX	多AI同时作答插件，免费增值	✅	❌	❌	✅
Jigsaw Haiku	2026-09-09	HackerNews_Show	拼图+俳句的轻量小游戏，变现方式未官方披露	✅	❌	❌	✅
Research Match	2026-09-12	TrustMRR	帮本科生写教授愿意回的套磁邮件，2.5亿篇论文索引+1000所大学，MRR约5.42万美元	✅	❌	❌	❌
Upvoty	2026-09-12	TrustMRR	用户反馈投票板+路线图+更新日志闭环，2000+团队在用，1111个付费客户，月流失3.8%	✅	❌	❌	❌
Campfire CRM	2026-09-12	TrustMRR	给慈善/俱乐部/童子军做的轻量CRM，393个付费客户，月增长28.69%	✅	❌	❌	❌
RankRadar	2026-09-12	TrustMRR	iGaming游戏位置情报，每天扫全站排序，88个客户，客单价277美元/月	✅	❌	❌	❌
Dapp Sentry	2026-09-12	TrustMRR	监控钱包/域名是否被15+家黑名单误标，快扫99美元引流到199美元/月订阅	✅	❌	❌	❌
Covai Cars	2026-09-12	TrustMRR	把WhatsApp变成租车公司预订前台；营收数据未验证且异常，仅作产品案例	✅	❌	❌	❌
Gistly	2026-09-12	TrustMRR	对话智能平台，每通对话都自动打分不抽样，155个客户月增34.84%	✅	❌	❌	❌

Supabase	2026-09-15	开源变现线	开源变现线：开源PostgreSQL后端平台，通过云托管和企业支持变现	✅	❌	❌	❌
PostHog	2026-09-15	开源变现线	开源变现线：开源产品分析平台，通过按事件量计费的云服务变现	✅	❌	❌	❌
Cal.com	2026-09-15	开源变现线	开源变现线：开源日程调度工具通过云托管+企业支持变现	✅	❌	❌	❌
Dub	2026-09-15	开源变现线	开源变现线：开源链接管理工具，靠云托管和分析功能变现	✅	❌	❌	❌
Appwrite	2026-09-15	开源变现线	开源变现线：开源后端平台 + 托管云服务变现	✅	❌	❌	❌
Twenty	2026-09-15	开源变现线	开源变现线：开源CRM通过自托管+云订阅模式变现	✅	❌	❌	❌
Plane	2026-09-15	开源变现线	开源变现线：开源项目管理工具靠云托管和企业支持变现	✅	❌	❌	❌
"Blurweb.app"	2026-09-15	TrustMRR 导入	"支付验证：Stripe · 当前 MRR $237 · 活跃订阅 65 · 近12个月营收 $6,135 · 累计营收	✅	❌	❌	❌
"9x12tools.com"	2026-09-15	TrustMRR 导入	"支付验证：Stripe · 当前 MRR $943 · 活跃订阅 13 · 近12个月营收 $22,440 · 累计营	✅	❌	❌	❌
"OpenTweet"	2026-09-15	TrustMRR 导入	"支付验证：Paddle · 当前 MRR $3,618 · 活跃订阅 222 · 近12个月营收 $20,872 · 	✅	❌	❌	❌
"Appointly UK"	2026-09-15	TrustMRR 导入	"支付验证：Stripe · 当前 MRR $40 · 活跃订阅 3 · 近12个月营收 $4,133 · 累计营收 $	✅	❌	❌	❌
"ChatEDU Inc."	2026-09-15	TrustMRR 导入	"支付验证：Stripe · 当前 MRR $6,670 · 活跃订阅 353 · 近12个月营收 $123,951 ·	✅	❌	❌	❌
"AnalizaKolorystyczna.Online"	2026-09-15	TrustMRR 导入	"支付验证：Stripe · 当前 MRR $0 · 活跃订阅 0 · 近12个月营收 $4,541 · 累计营收 $4	✅	❌	❌	❌
"Calsy"	2026-09-15	TrustMRR 导入	"支付验证：RevenueCat · 当前 MRR $621 · 活跃订阅 176 · 近12个月营收 $6,698 ·	✅	❌	❌	❌
"FirstRevenue"	2026-09-15	TrustMRR 导入	"支付验证：RevenueCat · 当前 MRR $1,274 · 活跃订阅 171 · 近12个月营收 $9,419	✅	❌	❌	❌
"AutoUGC"	2026-09-15	TrustMRR 导入	"支付验证：Dodo Payments · 当前 MRR $0 · 活跃订阅 0 · 近12个月营收 $2,479 · 	✅	❌	❌	❌
"Animalo"	2026-09-15	TrustMRR 导入	"支付验证：Paddle · 当前 MRR $1,229 · 活跃订阅 16 · 近12个月营收 $4,963 · 累计	✅	❌	❌	❌
"Build The Keyword"	2026-09-15	TrustMRR 导入	"支付验证：Lemon Squeezy · 当前 MRR $0 · 活跃订阅 0 · 近12个月营收 $1,865 · 	✅	❌	❌	❌
"Calma"	2026-09-15	TrustMRR 导入	"支付验证：RevenueCat · 当前 MRR $484 · 活跃订阅 109 · 近12个月营收 $8,423 ·	✅	❌	❌	❌
"Brand On Demand, Inc."	2026-09-15	TrustMRR 导入	"支付验证：Stripe · 当前 MRR $181,254 · 活跃订阅 3,476 · 近12个月营收 $11,33	✅	❌	❌	❌
"CopyKitten"	2026-09-15	TrustMRR 导入	"支付验证：Stripe · 当前 MRR $413 · 活跃订阅 84 · 近12个月营收 $3,923 · 累计营收	✅	❌	❌	❌
"AutoContent API"	2026-09-15	TrustMRR 导入	"支付验证：Stripe · 当前 MRR $17,036 · 活跃订阅 145 · 近12个月营收 $148,439 	✅	❌	❌	❌
"BackPedal Ltd"	2026-09-15	TrustMRR 导入	"支付验证：Stripe · 当前 MRR $30,352 · 活跃订阅 367 · 近12个月营收 $773,259 	✅	❌	❌	❌
"BrandMyLaptop"	2026-09-15	TrustMRR 导入	"支付验证：Stripe · 当前 MRR $0 · 活跃订阅 0 · 近12个月营收 $5,271 · 累计营收 $5	✅	❌	❌	❌
"Brainrot.mov"	2026-09-15	TrustMRR 导入	"支付验证：Stripe · 当前 MRR $9,279 · 活跃订阅 452 · 近12个月营收 $129,732 ·	✅	❌	❌	❌
"AI Directories"	2026-09-15	TrustMRR 导入	"支付验证：Stripe · 当前 MRR $854 · 活跃订阅 7 · 近12个月营收 $79,938 · 累计营收	✅	❌	❌	❌
"Appshots"	2026-09-15	TrustMRR 导入	"支付验证：Stripe · 当前 MRR $194 · 活跃订阅 16 · 近12个月营收 $2,626 · 累计营收	✅	❌	❌	❌
"Butterbase"	2026-09-15	TrustMRR 导入	"支付验证：Stripe · 当前 MRR $147 · 活跃订阅 10 · 近12个月营收 $3,154 · 累计营收	✅	❌	❌	❌
"Bakering App SL"	2026-09-15	TrustMRR 导入	"支付验证：Stripe · 当前 MRR $0 · 活跃订阅 0 · 近12个月营收 $79,900 · 累计营收 $	✅	❌	❌	❌
"AuditYourApp"	2026-09-15	TrustMRR 导入	"支付验证：Stripe · 当前 MRR $58 · 活跃订阅 2 · 近12个月营收 $2,537 · 累计营收 $	✅	❌	❌	❌
"Aura AI - AI Video & Image Generator"	2026-09-15	TrustMRR 导入	"支付验证：Stripe · 当前 MRR $2,029 · 活跃订阅 62 · 近12个月营收 $31,474 · 累	✅	❌	❌	❌
"AIRIX - AEO / AI Visibility Platform"	2026-09-15	TrustMRR 导入	"支付验证：Stripe · 当前 MRR $1,076 · 活跃订阅 27 · 近12个月营收 $9,110 · 累计	✅	❌	❌	❌
"AdPunk.AI"	2026-09-15	TrustMRR 导入	"支付验证：Stripe · 当前 MRR $0 · 活跃订阅 0 · 近12个月营收 $2,717 · 累计营收 $2	✅	❌	❌	❌
"alodata"	2026-09-15	TrustMRR 导入	"支付验证：Stripe · 当前 MRR $0 · 活跃订阅 0 · 近12个月营收 $8,523 · 累计营收 $1	✅	❌	❌	❌
"Casora"	2026-09-15	TrustMRR 导入	"支付验证：RevenueCat · 当前 MRR $170 · 活跃订阅 3 · 近12个月营收 $1,859 · 累	✅	❌	❌	❌
"ByeDispute"	2026-09-15	TrustMRR 导入	"支付验证：Stripe · 当前 MRR $0 · 活跃订阅 0 · 近12个月营收 $2,196 · 累计营收 $8	✅	❌	❌	❌
"Bask"	2026-09-15	TrustMRR 导入	"支付验证：RevenueCat · 当前 MRR $262 · 活跃订阅 90 · 近12个月营收 $2,493 · 	✅	❌	❌	❌
"Amit Sarda"	2026-09-15	TrustMRR 导入	"支付验证：Stripe · 当前 MRR $0 · 活跃订阅 0 · 近12个月营收 $750 · 累计营收 $11,	✅	❌	❌	❌
"Altitude Cleaning Crew"	2026-09-15	TrustMRR 导入	"支付验证：Stripe · 当前 MRR $0 · 活跃订阅 0 · 近12个月营收 $226,434 · 累计营收 	✅	❌	❌	❌
"BankConv"	2026-09-15	TrustMRR 导入	"支付验证：Stripe · 当前 MRR $875 · 活跃订阅 25 · 近12个月营收 $7,920 · 累计营收	✅	❌	❌	❌
"AI Labs"	2026-09-15	TrustMRR 导入	"支付验证：Stripe · 当前 MRR $0 · 活跃订阅 0 · 近12个月营收 $330,570 · 累计营收 	✅	❌	❌	❌
"autozoom - Cross platform"	2026-09-15	TrustMRR 导入	"支付验证：Dodo Payments · 当前 MRR $102 · 活跃订阅 15 · 近12个月营收 $2,773	✅	❌	❌	❌
"Bidder iQ"	2026-09-15	TrustMRR 导入	"支付验证：Stripe · 当前 MRR $0 · 活跃订阅 0 · 近12个月营收 $9,716 · 累计营收 $1	✅	❌	❌	❌
"BLOXG — Roblox Marketing Agency"	2026-09-15	TrustMRR 导入	"支付验证：Stripe · 当前 MRR $0 · 活跃订阅 0 · 近12个月营收 $2,905 · 累计营收 $2	✅	❌	❌	❌
Vellum	2026-09-15	TrustMRR 导入		✅	❌	❌	❌
"Arc Raiders Map"	2026-09-15	TrustMRR 导入	"支付验证：RevenueCat · 当前 MRR $1,041 · 活跃订阅 519 · 近12个月营收 $54,35	✅	❌	❌	❌
"Aprende Vibe Coding"	2026-09-15	TrustMRR 导入	"支付验证：Stripe · 当前 MRR $0 · 活跃订阅 0 · 近12个月营收 $5,870 · 累计营收 $5	✅	❌	❌	❌
"Agent Berlin"	2026-09-15	TrustMRR 导入	"支付验证：Stripe · 当前 MRR $396 · 活跃订阅 4 · 近12个月营收 $2,032 · 累计营收 	✅	❌	❌	❌
"Call Recorder X+"	2026-09-15	TrustMRR 导入	"支付验证：Stripe · 当前 MRR $281 · 活跃订阅 101 · 近12个月营收 $3,692 · 累计营	✅	❌	❌	❌
"Akari Tickets"	2026-09-15	TrustMRR 导入	"支付验证：Whop · 当前 MRR $14,856 · 活跃订阅 196 · 近12个月营收 $378,111 · 	✅	❌	❌	❌
"CaptureFlow"	2026-09-15	TrustMRR 导入	"支付验证：Stripe · 当前 MRR $3,710 · 活跃订阅 13 · 近12个月营收 $18,342 · 累	✅	❌	❌	❌
"Drizzle"	2026-09-15	TrustMRR 导入	"支付验证：Stripe · 当前 MRR $804 · 活跃订阅 8 · 近12个月营收 $3,756 · 累计营收 	✅	❌	❌	❌
"Adspirer"	2026-09-15	TrustMRR 导入	"支付验证：Stripe · 当前 MRR $54,684 · 活跃订阅 742 · 近12个月营收 $183,917 	✅	❌	❌	❌
"Amplifresh"	2026-09-15	TrustMRR 导入	"支付验证：Paddle · 当前 MRR $72 · 活跃订阅 2 · 近12个月营收 $933 · 累计营收 $2,	✅	❌	❌	❌
"Check Position"	2026-09-15	TrustMRR 导入	"支付验证：Stripe · 当前 MRR $2,226 · 活跃订阅 258 · 近12个月营收 $41,049 · 	✅	❌	❌	❌
"BlitzCut"	2026-09-15	TrustMRR 导入	"支付验证：RevenueCat · 当前 MRR $1,588 · 活跃订阅 160 · 近12个月营收 $11,81	✅	❌	❌	❌
"AUSPICIOUS COMPANY"	2026-09-15	TrustMRR 导入	"支付验证：Stripe · 当前 MRR $0 · 活跃订阅 0 · 近12个月营收 $3,030 · 累计营收 $1	✅	❌	❌	❌
"Firsto"	2026-09-15	TrustMRR 导入	"支付验证：Polar · 当前 MRR $0 · 活跃订阅 0 · 近12个月营收 $7,229 · 累计营收 $7,	✅	❌	❌	❌
"Bluff AI"	2026-09-15	TrustMRR 导入	"支付验证：Stripe · 当前 MRR $4,351 · 活跃订阅 156 · 近12个月营收 $19,812 · 	✅	❌	❌	❌
"BIDVA - Buy LinkedIn Accounts"	2026-09-15	TrustMRR 导入	"支付验证：Stripe · 当前 MRR $1,530 · 活跃订阅 5 · 近12个月营收 $78,391 · 累计	✅	❌	❌	❌
"Aura++"	2026-09-15	TrustMRR 导入	"支付验证：Polar · 当前 MRR $0 · 活跃订阅 0 · 近12个月营收 $11,687 · 累计营收 $1	✅	❌	❌	❌
"BRANDISEER"	2026-09-15	TrustMRR 导入	"支付验证：Stripe · 当前 MRR $566 · 活跃订阅 14 · 近12个月营收 $3,533 · 累计营收	✅	❌	❌	❌
"Ad Machine"	2026-09-15	TrustMRR 导入	"支付验证：Stripe · 当前 MRR $1,870 · 活跃订阅 21 · 近12个月营收 $30,386 · 累	✅	❌	❌	❌
"bookmein.events"	2026-09-15	TrustMRR 导入	"支付验证：Stripe · 当前 MRR $230 · 活跃订阅 1 · 近12个月营收 $18,226 · 累计营收	✅	❌	❌	❌
"Agensi"	2026-09-15	TrustMRR 导入	"支付验证：Stripe · 当前 MRR $38 · 活跃订阅 3 · 近12个月营收 $2,709 · 累计营收 $	✅	❌	❌	❌
"Barron Tech LLC"	2026-09-15	TrustMRR 导入	"支付验证：Stripe · 当前 MRR $15,200 · 活跃订阅 2 · 近12个月营收 $70,520 · 累	✅	❌	❌	❌
"Ayo"	2026-09-15	TrustMRR 导入	"支付验证：Stripe · 当前 MRR $45 · 活跃订阅 23 · 近12个月营收 $650 · 累计营收 $2	✅	❌	❌	❌
"AvaChats LLC"	2026-09-15	TrustMRR 导入	"支付验证：Stripe · 当前 MRR $0 · 活跃订阅 0 · 近12个月营收 $2,780 · 累计营收 $5	✅	❌	❌	❌
"AdStellar"	2026-09-15	TrustMRR 导入	"支付验证：Stripe · 当前 MRR $12,528 · 活跃订阅 127 · 近12个月营收 $99,690 ·	✅	❌	❌	❌
"AuthorityStack.ai"	2026-09-15	TrustMRR 导入	"支付验证：Stripe · 当前 MRR $0 · 活跃订阅 0 · 近12个月营收 $153,964 · 累计营收 	✅	❌	❌	❌
"ChatDash, LLC"	2026-09-15	TrustMRR 导入	"支付验证：Stripe · 当前 MRR $34,404 · 活跃订阅 187 · 近12个月营收 $391,901 	✅	❌	❌	❌
"Blupry Marketplace"	2026-09-15	TrustMRR 导入	"支付验证：Stripe · 当前 MRR $0 · 活跃订阅 0 · 近12个月营收 $680 · 累计营收 $12,	✅	❌	❌	❌
"axis-labv2025"	2026-09-15	TrustMRR 导入	"支付验证：Stripe · 当前 MRR $0 · 活跃订阅 0 · 近12个月营收 $6,225 · 累计营收 $6	✅	❌	❌	❌
"ARBICHAT, S.L."	2026-09-15	TrustMRR 导入	"支付验证：Stripe · 当前 MRR $0 · 活跃订阅 0 · 近12个月营收 $6,614 · 累计营收 $7	✅	❌	❌	❌
"BrainBrew"	2026-09-15	TrustMRR 导入	"支付验证：Stripe · 当前 MRR $195 · 活跃订阅 18 · 近12个月营收 $2,431 · 累计营收	✅	❌	❌	❌
"AutoMealPlanner"	2026-09-15	TrustMRR 导入	"支付验证：Stripe · 当前 MRR $60 · 活跃订阅 4 · 近12个月营收 $555 · 累计营收 $2,	✅	❌	❌	❌
"Car Identifier"	2026-09-15	TrustMRR 导入	"支付验证：RevenueCat · 当前 MRR $531 · 活跃订阅 106 · 近12个月营收 $7,473 ·	✅	❌	❌	❌
"CartBoss"	2026-09-15	TrustMRR 导入	"支付验证：Stripe · 当前 MRR $0 · 活跃订阅 0 · 近12个月营收 $494,887 · 累计营收 	✅	❌	❌	❌
"Buoy Club"	2026-09-15	TrustMRR 导入	"支付验证：Stripe · 当前 MRR $0 · 活跃订阅 0 · 近12个月营收 $2,420 · 累计营收 $1	✅	❌	❌	❌
"AI Marketing Framework for Founders — Validated, High-Margin, Minimal Ops"	2026-09-15	TrustMRR 导入	"支付验证：Stripe · 当前 MRR $0 · 活跃订阅 0 · 近12个月营收 $595 · 累计营收 $4,6	✅	❌	❌	❌
"afterSora"	2026-09-15	TrustMRR 导入	"支付验证：Stripe · 当前 MRR $49 · 活跃订阅 1 · 近12个月营收 $4,150 · 累计营收 $	✅	❌	❌	❌
"TorrentClaw"	2026-09-15	TrustMRR 导入	"支付验证：Stripe · 当前 MRR $690 · 活跃订阅 158 · 近12个月营收 $11,805 · 累计	✅	❌	❌	❌
"Cash Cow INC"	2026-09-15	TrustMRR 导入	"支付验证：Stripe · 当前 MRR $373 · 活跃订阅 18 · 近12个月营收 $5,517 · 累计营收	✅	❌	❌	❌
"Astonish Email Limited"	2026-09-15	TrustMRR 导入	"支付验证：Stripe · 当前 MRR $2,628 · 活跃订阅 15 · 近12个月营收 $31,220 · 累	✅	❌	❌	❌
"BotricAI"	2026-09-15	TrustMRR 导入	"支付验证：Stripe · 当前 MRR $1,010 · 活跃订阅 17 · 近12个月营收 $4,704 · 累计	✅	❌	❌	❌
"3AK Track & Field"	2026-09-15	TrustMRR 导入	"支付验证：RevenueCat · 当前 MRR $11,804 · 活跃订阅 3,441 · 近12个月营收 $13	✅	❌	❌	❌
"Bokha"	2026-09-15	TrustMRR 导入	"支付验证：RevenueCat · 当前 MRR $318 · 活跃订阅 45 · 近12个月营收 $5,959 · 	✅	❌	❌	❌
"Capgo"	2026-09-15	TrustMRR 导入	"支付验证：Stripe · 当前 MRR $30,610 · 活跃订阅 1,104 · 近12个月营收 $280,02	✅	❌	❌	❌
"bltn"	2026-09-15	TrustMRR 导入	"支付验证：Stripe · 当前 MRR $38 · 活跃订阅 2 · 近12个月营收 $39,295 · 累计营收 	✅	❌	❌	❌
"BlogBowl"	2026-09-15	TrustMRR 导入	"支付验证：Stripe · 当前 MRR $94 · 活跃订阅 3 · 近12个月营收 $3,701 · 累计营收 $	✅	❌	❌	❌
"10k Steps Club"	2026-09-15	TrustMRR 导入	"支付验证：RevenueCat · 当前 MRR $1 · 活跃订阅 1 · 近12个月营收 $17 · 累计营收 $	✅	❌	❌	❌
"Bubbly Phone"	2026-09-15	TrustMRR 导入	"支付验证：Stripe · 当前 MRR $70 · 活跃订阅 7 · 近12个月营收 $10,949 · 累计营收 	✅	❌	❌	❌
"AdCar"	2026-09-15	TrustMRR 导入	"支付验证：Stripe · 当前 MRR $0 · 活跃订阅 0 · 近12个月营收 $2,850 · 累计营收 $2	✅	❌	❌	❌
"Autoclip"	2026-09-15	TrustMRR 导入	"支付验证：Whop (API key), RevenueCat · 当前 MRR $6,545 · 活跃订阅 211 	✅	❌	❌	❌
"1FoodMenu"	2026-09-15	TrustMRR 导入	"支付验证：Stripe · 当前 MRR $22 · 活跃订阅 2 · 近12个月营收 $164 · 累计营收 $43	✅	❌	❌	❌
"Camzy"	2026-09-15	TrustMRR 导入	"支付验证：RevenueCat · 当前 MRR $24 · 活跃订阅 4 · 近12个月营收 $14,938 · 累	✅	❌	❌	❌
"CoPrep AI"	2026-09-15	TrustMRR 导入	"支付验证：Stripe · 当前 MRR $620 · 活跃订阅 11 · 近12个月营收 $14,881 · 累计营	✅	❌	❌	❌
"AlfredClaw"	2026-09-15	TrustMRR 导入	"支付验证：Stripe · 当前 MRR $52 · 活跃订阅 3 · 近12个月营收 $321 · 累计营收 $7,	✅	❌	❌	❌
"AlgoEdge Insights"	2026-09-15	TrustMRR 导入	"支付验证：Stripe · 当前 MRR $533 · 活跃订阅 14 · 近12个月营收 $14,973 · 累计营	✅	❌	❌	❌
"CheckForm Gymnastics"	2026-09-15	TrustMRR 导入	"支付验证：RevenueCat (API key), Dodo Payments · 当前 MRR $1,025 · 	✅	❌	❌	❌
"Athenify"	2026-09-15	TrustMRR 导入	"支付验证：Stripe · 当前 MRR $2,249 · 活跃订阅 259 · 近12个月营收 $33,132 · 	✅	❌	❌	❌
"Bogatu Ion"	2026-09-15	TrustMRR 导入	"支付验证：Stripe · 当前 MRR $0 · 活跃订阅 0 · 近12个月营收 $347 · 累计营收 $2,7	✅	❌	❌	❌
"BasinCheck"	2026-09-15	TrustMRR 导入	"支付验证：Stripe · 当前 MRR $1,294 · 活跃订阅 6 · 近12个月营收 $3,341 · 累计营	✅	❌	❌	❌
"Bolsai"	2026-09-15	TrustMRR 导入	"支付验证：Stripe · 当前 MRR $604 · 活跃订阅 76 · 近12个月营收 $1,948 · 累计营收	✅	❌	❌	❌
"Cosden Code"	2026-09-15	TrustMRR 导入	"支付验证：Polar · 当前 MRR $813 · 活跃订阅 29 · 近12个月营收 $21,931 · 累计营收	✅	❌	❌	❌
"CardClan.io"	2026-09-15	TrustMRR 导入	"支付验证：Stripe · 当前 MRR $0 · 活跃订阅 0 · 近12个月营收 $652 · 累计营收 $13,	✅	❌	❌	❌
"Access Labs PTY LTD"	2026-09-15	TrustMRR 导入	"支付验证：Stripe · 当前 MRR $801 · 活跃订阅 30 · 近12个月营收 $5,943 · 累计营收	✅	❌	❌	❌
"Abun.com"	2026-09-15	TrustMRR 导入	"支付验证：Stripe · 当前 MRR $274 · 活跃订阅 4 · 近12个月营收 $3,904 · 累计营收 	✅	❌	❌	❌
"Alphalog"	2026-09-15	TrustMRR 导入	"支付验证：Stripe · 当前 MRR $26 · 活跃订阅 2 · 近12个月营收 $2,436 · 累计营收 $	✅	❌	❌	❌
"Blocky"	2026-09-15	TrustMRR 导入	"支付验证：Polar · 当前 MRR $147 · 活跃订阅 36 · 近12个月营收 $1,838 · 累计营收 	✅	❌	❌	❌
"0sec"	2026-09-15	TrustMRR 导入	"支付验证：RevenueCat · 当前 MRR $152 · 活跃订阅 13 · 近12个月营收 $688 · 累计	✅	❌	❌	❌
"Chronoid"	2026-09-15	TrustMRR 导入	"支付验证：Lemon Squeezy (API key), Creem · 当前 MRR $0 · 活跃订阅 0 · 	✅	❌	❌	❌
"Bloopi"	2026-09-15	TrustMRR 导入	"支付验证：Stripe · 当前 MRR $0 · 活跃订阅 0 · 近12个月营收 $18,159 · 累计营收 $	✅	❌	❌	❌
"Careerkit"	2026-09-15	TrustMRR 导入	"支付验证：Stripe · 当前 MRR $619 · 活跃订阅 33 · 近12个月营收 $3,975 · 累计营收	✅	❌	❌	❌
"anon-2"	2026-09-15	TrustMRR 导入	"支付验证：Stripe · 当前 MRR $5,861 · 活跃订阅 65 · 近12个月营收 $117,981 · 	✅	❌	❌	❌
"BizGenius"	2026-09-15	TrustMRR 导入	"支付验证：Stripe · 当前 MRR $0 · 活跃订阅 0 · 近12个月营收 $3,060 · 累计营收 $3	✅	❌	❌	❌
Momentum（Momentum Dash）	2026-09-15	TrustMRR 导入	Firefox 官方 API 日活 31,824 · 评分 4.39（811 条评价）· AMO 上架 2017-03-	✅	❌	❌	❌
"AI Baby Generator"	2026-09-15	TrustMRR 导入	"支付验证：RevenueCat · 当前 MRR $558 · 活跃订阅 49 · 近12个月营收 $5,190 · 	✅	❌	❌	❌
"Apiframe"	2026-09-15	TrustMRR 导入	"支付验证：Stripe · 当前 MRR $29,419 · 活跃订阅 710 · 近12个月营收 $213,541 	✅	❌	❌	❌
"Artisania"	2026-09-15	TrustMRR 导入	"支付验证：Stripe · 当前 MRR $0 · 活跃订阅 0 · 近12个月营收 $0 · 累计营收 $3,428	✅	❌	❌	❌
"AutoSubtitles"	2026-09-15	TrustMRR 导入	"支付验证：Stripe · 当前 MRR $3,191 · 活跃订阅 409 · 近12个月营收 $14,973 · 	✅	❌	❌	❌
"Betting Tips"	2026-09-15	TrustMRR 导入	"支付验证：RevenueCat · 当前 MRR $308 · 活跃订阅 7 · 近12个月营收 $4,103 · 累	✅	❌	❌	❌
"Captime"	2026-09-15	TrustMRR 导入	"支付验证：RevenueCat · 当前 MRR $499 · 活跃订阅 160 · 近12个月营收 $5,334 ·	✅	❌	❌	❌
"Buzzer: Big Red Button Sound"	2026-09-15	TrustMRR 导入	"支付验证：RevenueCat · 当前 MRR $209 · 活跃订阅 83 · 近12个月营收 $2,312 · 	✅	❌	❌	❌
"AI Dating Assistant"	2026-09-15	TrustMRR 导入	"支付验证：RevenueCat · 当前 MRR $461 · 活跃订阅 28 · 近12个月营收 $3,177 · 	✅	❌	❌	❌
"BeginFlow"	2026-09-15	TrustMRR 导入	"支付验证：Stripe · 当前 MRR $0 · 活跃订阅 0 · 近12个月营收 $3,287 · 累计营收 $3	✅	❌	❌	❌
"Check ID"	2026-09-15	TrustMRR 导入	"支付验证：Stripe · 当前 MRR $529 · 活跃订阅 62 · 近12个月营收 $5,766 · 累计营收	✅	❌	❌	❌
"BromeAI"	2026-09-15	TrustMRR 导入	"支付验证：Stripe · 当前 MRR $418 · 活跃订阅 26 · 近12个月营收 $3,385 · 累计营收	✅	❌	❌	❌
"CheatMate"	2026-09-15	TrustMRR 导入	"支付验证：Stripe · 当前 MRR $7,702 · 活跃订阅 430 · 近12个月营收 $67,446 · 	✅	❌	❌	❌
"Aishorts"	2026-09-15	TrustMRR 导入	"支付验证：Stripe · 当前 MRR $11 · 活跃订阅 5 · 近12个月营收 $5,019 · 累计营收 $	✅	❌	❌	❌
"analytra"	2026-09-15	TrustMRR 导入	"支付验证：Stripe · 当前 MRR $223 · 活跃订阅 3 · 近12个月营收 $3,344 · 累计营收 	✅	❌	❌	❌
"Chatwith"	2026-09-15	TrustMRR 导入	"支付验证：Paddle · 当前 MRR $3,891 · 活跃订阅 46 · 近12个月营收 $60,698 · 累	✅	❌	❌	❌
"Arcton"	2026-09-15	TrustMRR 导入	"支付验证：Stripe · 当前 MRR $6,273 · 活跃订阅 19 · 近12个月营收 $68,703 · 累	✅	❌	❌	❌
"AlgoFuse.ai"	2026-09-15	TrustMRR 导入	"支付验证：Stripe · 当前 MRR $880 · 活跃订阅 12 · 近12个月营收 $31,519 · 累计营	✅	❌	❌	❌
"CanvasNinja"	2026-09-15	TrustMRR 导入	"支付验证：Stripe · 当前 MRR $0 · 活跃订阅 0 · 近12个月营收 $2,327 · 累计营收 $2	✅	❌	❌	❌
"Fire Tech Apps LLC"	2026-09-15	TrustMRR 导入	"支付验证：Stripe · 当前 MRR $396 · 活跃订阅 27 · 近12个月营收 $2,942 · 累计营收	✅	❌	❌	❌
"AI Girlfriend"	2026-09-15	TrustMRR 导入	"支付验证：RevenueCat · 当前 MRR $138 · 活跃订阅 9 · 近12个月营收 $1,577 · 累	✅	❌	❌	❌
"BOLDLTD"	2026-09-15	TrustMRR 导入	"支付验证：Stripe · 当前 MRR $0 · 活跃订阅 0 · 近12个月营收 $0 · 累计营收 $4,213	✅	❌	❌	❌
"Clairon AI"	2026-09-15	TrustMRR 导入	"支付验证：Stripe · 当前 MRR $778 · 活跃订阅 7 · 近12个月营收 $8,209 · 累计营收 	✅	❌	❌	❌
"Brawler"	2026-09-15	TrustMRR 导入	"支付验证：RevenueCat · 当前 MRR $12,260 · 活跃订阅 2,255 · 近12个月营收 $83	✅	❌	❌	❌
"axis-labc2026"	2026-09-15	TrustMRR 导入	"支付验证：Stripe · 当前 MRR $3,203 · 活跃订阅 297 · 近12个月营收 $24,318 · 	✅	❌	❌	❌
"Billguard"	2026-09-15	TrustMRR 导入	"支付验证：Stripe · 当前 MRR $0 · 活跃订阅 0 · 近12个月营收 $2,315 · 累计营收 $2	✅	❌	❌	❌
"CastPlus"	2026-09-15	TrustMRR 导入	"支付验证：Stripe · 当前 MRR $2,095 · 活跃订阅 59 · 近12个月营收 $15,591 · 累	✅	❌	❌	❌
"aerie"	2026-09-15	TrustMRR 导入	"支付验证：Stripe · 当前 MRR $1,542 · 活跃订阅 4 · 近12个月营收 $27,845 · 累计	✅	❌	❌	❌
"Byrne Media Ltd"	2026-09-15	TrustMRR 导入	"支付验证：Stripe · 当前 MRR $9 · 活跃订阅 1 · 近12个月营收 $5,015 · 累计营收 $8	✅	❌	❌	❌
"Authex"	2026-09-15	TrustMRR 导入	"支付验证：Stripe · 当前 MRR $956 · 活跃订阅 22 · 近12个月营收 $13,293 · 累计营	✅	❌	❌	❌
"Aila"	2026-09-15	TrustMRR 导入	"支付验证：Stripe · 当前 MRR $19,333 · 活跃订阅 105 · 近12个月营收 $81,185 ·	✅	❌	❌	❌
"Adscriptly"	2026-09-15	TrustMRR 导入	"支付验证：Stripe · 当前 MRR $2,776 · 活跃订阅 5 · 近12个月营收 $32,231 · 累计	✅	❌	❌	❌
"Angular Material Blocks"	2026-09-15	TrustMRR 导入	"支付验证：Paddle · 当前 MRR $0 · 活跃订阅 0 · 近12个月营收 $4,088 · 累计营收 $9	✅	❌	❌	❌
"Ai Editor: Photo & Video"	2026-09-15	TrustMRR 导入	"支付验证：RevenueCat · 当前 MRR $75 · 活跃订阅 13 · 近12个月营收 $1,928 · 累	✅	❌	❌	❌
"Blue eSIM"	2026-09-15	TrustMRR 导入	"支付验证：Stripe · 当前 MRR $0 · 活跃订阅 0 · 近12个月营收 $4,833 · 累计营收 $4	✅	❌	❌	❌
"BuildMyAgent.io"	2026-09-15	TrustMRR 导入	"支付验证：Stripe · 当前 MRR $16,071 · 活跃订阅 338 · 近12个月营收 $465,145 	✅	❌	❌	❌
"BarGPT"	2026-09-15	TrustMRR 导入	"支付验证：Stripe · 当前 MRR $218 · 活跃订阅 73 · 近12个月营收 $3,039 · 累计营收	✅	❌	❌	❌
"AI SuitUp"	2026-09-15	TrustMRR 导入	"支付验证：Stripe · 当前 MRR $0 · 活跃订阅 0 · 近12个月营收 $49,691 · 累计营收 $	✅	❌	❌	❌
"AI Song & Clip Generator"	2026-09-15	TrustMRR 导入	"支付验证：RevenueCat · 当前 MRR $1,486 · 活跃订阅 367 · 近12个月营收 $35,26	✅	❌	❌	❌
"Angel Match"	2026-09-15	TrustMRR 导入	"支付验证：Stripe · 当前 MRR $28,344 · 活跃订阅 325 · 近12个月营收 $373,529 	✅	❌	❌	❌
"Cat Games"	2026-09-15	TrustMRR 导入	"支付验证：RevenueCat · 当前 MRR $668 · 活跃订阅 41 · 近12个月营收 $4,638 · 	✅	❌	❌	❌
"Adle"	2026-09-15	TrustMRR 导入	"支付验证：Stripe · 当前 MRR $9,852 · 活跃订阅 14 · 近12个月营收 $131,360 · 	✅	❌	❌	❌
"Audixa AI"	2026-09-15	TrustMRR 导入	"支付验证：Dodo Payments · 当前 MRR $70 · 活跃订阅 5 · 近12个月营收 $2,758 ·	✅	❌	❌	❌
"BackdropBoost"	2026-09-15	TrustMRR 导入	"支付验证：Stripe · 当前 MRR $46 · 活跃订阅 2 · 近12个月营收 $1,865 · 累计营收 $	✅	❌	❌	❌
"Chatsell.co"	2026-09-15	TrustMRR 导入	"支付验证：Stripe · 当前 MRR $349 · 活跃订阅 1 · 近12个月营收 $2,792 · 累计营收 	✅	❌	❌	❌
"Casa Fran Concepts LLC"	2026-09-15	TrustMRR 导入	"支付验证：Stripe · 当前 MRR $998 · 活跃订阅 2 · 近12个月营收 $3,915 · 累计营收 	✅	❌	❌	❌
"Fit It On"	2026-09-15	TrustMRR 导入	"支付验证：Lemon Squeezy · 当前 MRR $300 · 活跃订阅 15 · 近12个月营收 $2,038	✅	❌	❌	❌
"Aera Browser"	2026-09-15	TrustMRR 导入	"支付验证：Stripe · 当前 MRR $263 · 活跃订阅 5 · 近12个月营收 $3,685 · 累计营收 	✅	❌	❌	❌
"AnyAPI"	2026-09-15	TrustMRR 导入	"支付验证：Stripe · 当前 MRR $0 · 活跃订阅 0 · 近12个月营收 $1,984 · 累计营收 $1	✅	❌	❌	❌
"Amicatek"	2026-09-15	TrustMRR 导入	"支付验证：Stripe · 当前 MRR $0 · 活跃订阅 0 · 近12个月营收 $1,592 · 累计营收 $2	✅	❌	❌	❌
"Apogee"	2026-09-15	TrustMRR 导入	"支付验证：Stripe · 当前 MRR $3,421 · 活跃订阅 39 · 近12个月营收 $23,196 · 累	✅	❌	❌	❌
"AI Rewrite"	2026-09-15	TrustMRR 导入	"支付验证：RevenueCat · 当前 MRR $132 · 活跃订阅 22 · 近12个月营收 $1,417 · 	✅	❌	❌	❌
"Boxer AI"	2026-09-15	TrustMRR 导入	"支付验证：RevenueCat · 当前 MRR $7,763 · 活跃订阅 763 · 近12个月营收 $36,04	✅	❌	❌	❌
"Corsidia"	2026-09-15	TrustMRR 导入	"支付验证：Stripe · 当前 MRR $0 · 活跃订阅 0 · 近12个月营收 $834,572 · 累计营收 	✅	❌	❌	❌
"Blawgy.com"	2026-09-15	TrustMRR 导入	"支付验证：Stripe · 当前 MRR $1,582 · 活跃订阅 20 · 近12个月营收 $14,344 · 累	✅	❌	❌	❌
"Blipix"	2026-09-15	TrustMRR 导入	"支付验证：Stripe · 当前 MRR $1,549 · 活跃订阅 43 · 近12个月营收 $31,896 · 累	✅	❌	❌	❌
"Carbsy"	2026-09-15	TrustMRR 导入	"支付验证：RevenueCat · 当前 MRR $259 · 活跃订阅 52 · 近12个月营收 $2,028 · 	✅	❌	❌	❌
"FitCal"	2026-09-15	TrustMRR 导入	"支付验证：RevenueCat · 当前 MRR $5,935 · 活跃订阅 2,724 · 近12个月营收 $131	✅	❌	❌	❌
"FirstRep"	2026-09-15	TrustMRR 导入	"支付验证：Stripe · 当前 MRR $0 · 活跃订阅 0 · 近12个月营收 $6,750 · 累计营收 $6	✅	❌	❌	❌
"Changelogfy"	2026-09-15	TrustMRR 导入	"支付验证：Stripe · 当前 MRR $3,876 · 活跃订阅 57 · 近12个月营收 $22,431 · 累	✅	❌	❌	❌
"Orbit AI"	2026-09-15	TrustMRR 导入	"支付验证：Stripe · 当前 MRR $557 · 活跃订阅 7 · 近12个月营收 $2,998 · 累计营收 	✅	❌	❌	❌
"BreadSync"	2026-09-15	TrustMRR 导入	"支付验证：Stripe · 当前 MRR $4,952 · 活跃订阅 54 · 近12个月营收 $37,047 · 累	✅	❌	❌	❌
"Apply Turbo"	2026-09-15	TrustMRR 导入	"支付验证：Stripe · 当前 MRR $288 · 活跃订阅 17 · 近12个月营收 $3,172 · 累计营收	✅	❌	❌	❌
"Canopy API"	2026-09-15	TrustMRR 导入	"支付验证：Stripe · 当前 MRR $991 · 活跃订阅 9 · 近12个月营收 $23,036 · 累计营收	✅	❌	❌	❌
"AIWITH.ME"	2026-09-15	TrustMRR 导入	"支付验证：Stripe · 当前 MRR $439 · 活跃订阅 15 · 近12个月营收 $8,322 · 累计营收	✅	❌	❌	❌
"AI Cover Music Video"	2026-09-15	TrustMRR 导入	"支付验证：RevenueCat · 当前 MRR $376 · 活跃订阅 26 · 近12个月营收 $4,107 · 	✅	❌	❌	❌
"AI Decorator"	2026-09-15	TrustMRR 导入	"支付验证：RevenueCat · 当前 MRR $197 · 活跃订阅 25 · 近12个月营收 $5,432 · 	✅	❌	❌	❌
"CancelPause"	2026-09-15	TrustMRR 导入	"支付验证：Stripe · 当前 MRR $293 · 活跃订阅 7 · 近12个月营收 $2,011 · 累计营收 	✅	❌	❌	❌
"C12s AI"	2026-09-15	TrustMRR 导入	"支付验证：Stripe · 当前 MRR $1,317 · 活跃订阅 5 · 近12个月营收 $5,150 · 累计营	✅	❌	❌	❌
"Certified Arborist Theory"	2026-09-15	TrustMRR 导入	"支付验证：RevenueCat · 当前 MRR $259 · 活跃订阅 32 · 近12个月营收 $4,123 · 	✅	❌	❌	❌
"CheckVibe"	2026-09-15	TrustMRR 导入	"支付验证：Stripe · 当前 MRR $1,187 · 活跃订阅 43 · 近12个月营收 $11,029 · 累	✅	❌	❌	❌
"AutoReels.AI"	2026-09-15	TrustMRR 导入	"支付验证：Lemon Squeezy · 当前 MRR $1,319 · 活跃订阅 53 · 近12个月营收 $26,	✅	❌	❌	❌
"AutoLead"	2026-09-15	TrustMRR 导入	"支付验证：Stripe · 当前 MRR $206 · 活跃订阅 4 · 近12个月营收 $6,229 · 累计营收 	✅	❌	❌	❌
"AlienArt.io"	2026-09-15	TrustMRR 导入	"支付验证：Stripe · 当前 MRR $1,609 · 活跃订阅 91 · 近12个月营收 $20,800 · 累	✅	❌	❌	❌
"Aleister"	2026-09-15	TrustMRR 导入	"支付验证：Stripe · 当前 MRR $0 · 活跃订阅 0 · 近12个月营收 $20,590 · 累计营收 $	✅	❌	❌	❌
"Automate & Chill"	2026-09-15	TrustMRR 导入	"支付验证：Lemon Squeezy · 当前 MRR $674 · 活跃订阅 68 · 近12个月营收 $8,152	✅	❌	❌	❌
Ghost	2026-09-15	TrustMRR 导入	GitHub 55,294 star · 11,958 fork · MIT 许可 · 仓库创建于 2013-05-04	✅	❌	❌	❌
"AppitStudio Apps Bundle And Services"	2026-09-15	TrustMRR 导入	"支付验证：Stripe · 当前 MRR $0 · 活跃订阅 0 · 近12个月营收 $13,851 · 累计营收 $	✅	❌	❌	❌
"BeGen"	2026-09-15	TrustMRR 导入	"支付验证：RevenueCat · 当前 MRR $202 · 活跃订阅 63 · 近12个月营收 $3,057 · 	✅	❌	❌	❌
"Artiforge"	2026-09-15	TrustMRR 导入	"支付验证：Stripe · 当前 MRR $251 · 活跃订阅 12 · 近12个月营收 $2,550 · 累计营收	✅	❌	❌	❌
"Blog2Video"	2026-09-15	TrustMRR 导入	"支付验证：Stripe · 当前 MRR $531 · 活跃订阅 13 · 近12个月营收 $4,546 · 累计营收	✅	❌	❌	❌
"Orbio"	2026-09-15	TrustMRR 导入	"支付验证：Whop · 当前 MRR $0 · 活跃订阅 0 · 近12个月营收 $6,830 · 累计营收 $6,8	✅	❌	❌	❌
"FireCert"	2026-09-15	TrustMRR 导入	"支付验证：Stripe · 当前 MRR $6,055 · 活跃订阅 50 · 近12个月营收 $13,455 · 累	✅	❌	❌	❌
"AEO Engine"	2026-09-15	TrustMRR 导入	"支付验证：Stripe · 当前 MRR $80,601 · 活跃订阅 38 · 近12个月营收 $900,860 ·	✅	❌	❌	❌
"Aimytrade.io"	2026-09-15	TrustMRR 导入	"支付验证：Stripe · 当前 MRR $240 · 活跃订阅 12 · 近12个月营收 $6,130 · 累计营收	✅	❌	❌	❌
"Bouncer"	2026-09-15	TrustMRR 导入	"支付验证：Stripe · 当前 MRR $3,990 · 活跃订阅 46 · 近12个月营收 $20,737 · 累	✅	❌	❌	❌
"AI Resources"	2026-09-15	TrustMRR 导入	"支付验证：Polar · 当前 MRR $0 · 活跃订阅 0 · 近12个月营收 $178 · 累计营收 $2,53	✅	❌	❌	❌
"AuotAIShorts"	2026-09-15	TrustMRR 导入	"支付验证：RevenueCat · 当前 MRR $168 · 活跃订阅 9 · 近12个月营收 $2,353 · 累	✅	❌	❌	❌
"AyeWatch - State of the Art AI Internet Monitor"	2026-09-15	TrustMRR 导入	"支付验证：RevenueCat · 当前 MRR $149 · 活跃订阅 9 · 近12个月营收 $2,802 · 累	✅	❌	❌	❌
"Artadum"	2026-09-15	TrustMRR 导入	"支付验证：Stripe · 当前 MRR $280 · 活跃订阅 35 · 近12个月营收 $4,892 · 累计营收	✅	❌	❌	❌
"Archifruits.ai"	2026-09-15	TrustMRR 导入	"支付验证：Stripe · 当前 MRR $4,747 · 活跃订阅 106 · 近12个月营收 $66,640 · 	✅	❌	❌	❌
"AI Toolbox"	2026-09-15	TrustMRR 导入	"支付验证：Lemon Squeezy (API key), Polar · 当前 MRR $1,444 · 活跃订阅 	✅	❌	❌	❌
"AbMaxx"	2026-09-15	TrustMRR 导入	"支付验证：RevenueCat · 当前 MRR $15,098 · 活跃订阅 3,737 · 近12个月营收 $11	✅	❌	❌	❌
"Captioner"	2026-09-15	TrustMRR 导入	"支付验证：Stripe · 当前 MRR $132 · 活跃订阅 14 · 近12个月营收 $1,835 · 累计营收	✅	❌	❌	❌
"CBT ARTIFICIAL INTELLIGENCE TECHNOLOGY INC DBA ZUUZ"	2026-09-15	TrustMRR 导入	"支付验证：Stripe · 当前 MRR $7,628 · 活跃订阅 23 · 近12个月营收 $10,290 · 累	✅	❌	❌	❌
"3D-AGENT"	2026-09-15	TrustMRR 导入	"支付验证：Stripe · 当前 MRR $5,196 · 活跃订阅 212 · 近12个月营收 $20,872 · 	✅	❌	❌	❌
"AI Headshot Generator"	2026-09-15	TrustMRR 导入	"支付验证：Stripe · 当前 MRR $0 · 活跃订阅 0 · 近12个月营收 $377 · 累计营收 $2,3	✅	❌	❌	❌
"Advise.so"	2026-09-15	TrustMRR 导入	"支付验证：Stripe · 当前 MRR $21,966 · 活跃订阅 215 · 近12个月营收 $308,255 	✅	❌	❌	❌
"Bibly"	2026-09-15	TrustMRR 导入	"支付验证：RevenueCat · 当前 MRR $5,138 · 活跃订阅 1,061 · 近12个月营收 $62,	✅	❌	❌	❌
"BETIX"	2026-09-15	TrustMRR 导入	"支付验证：Stripe · 当前 MRR $265 · 活跃订阅 16 · 近12个月营收 $8,781 · 累计营收	✅	❌	❌	❌
"APPMOCKUPGENERATOR"	2026-09-15	TrustMRR 导入	"支付验证：Dodo Payments · 当前 MRR $0 · 活跃订阅 0 · 近12个月营收 $4,142 · 	✅	❌	❌	❌
"atslebenslauf.com"	2026-09-15	TrustMRR 导入	"支付验证：Stripe · 当前 MRR $541 · 活跃订阅 28 · 近12个月营收 $4,174 · 累计营收	✅	❌	❌	❌
"Babelbot"	2026-09-15	TrustMRR 导入	"支付验证：Polar (API key), Stripe · 当前 MRR $505 · 活跃订阅 40 · 近12个	✅	❌	❌	❌
"AI Smart Decor"	2026-09-15	TrustMRR 导入	"支付验证：RevenueCat · 当前 MRR $384 · 活跃订阅 30 · 近12个月营收 $2,567 · 	✅	❌	❌	❌
"BrandMyMac"	2026-09-15	TrustMRR 导入	"支付验证：Stripe · 当前 MRR $0 · 活跃订阅 0 · 近12个月营收 $13,080 · 累计营收 $	✅	❌	❌	❌
"blogr.ai"	2026-09-15	TrustMRR 导入	"支付验证：Stripe · 当前 MRR $1,491 · 活跃订阅 29 · 近12个月营收 $8,811 · 累计	✅	❌	❌	❌
"Headshots"	2026-09-15	TrustMRR 导入	"支付验证：Stripe · 当前 MRR $136 · 活跃订阅 12 · 近12个月营收 $36,411 · 累计营	✅	❌	❌	❌
"Baller"	2026-09-15	TrustMRR 导入	"支付验证：RevenueCat · 当前 MRR $2,263 · 活跃订阅 376 · 近12个月营收 $13,12	✅	❌	❌	❌
"Bolty"	2026-09-15	TrustMRR 导入	"支付验证：RevenueCat · 当前 MRR $372 · 活跃订阅 50 · 近12个月营收 $3,235 · 	✅	❌	❌	❌
"Akari"	2026-09-15	TrustMRR 导入	"支付验证：Whop · 当前 MRR $0 · 活跃订阅 0 · 近12个月营收 $0 · 累计营收 $207,222	✅	❌	❌	❌
"10Xprofit.io"	2026-09-15	TrustMRR 导入	"支付验证：Creem · 当前 MRR $20 · 活跃订阅 2 · 近12个月营收 $742 · 累计营收 $742	✅	❌	❌	❌
"Fit Senpai"	2026-09-15	TrustMRR 导入	"支付验证：Lemon Squeezy · 当前 MRR $135 · 活跃订阅 20 · 近12个月营收 $1,540	✅	❌	❌	❌
"Business Freelance"	2026-09-15	TrustMRR 导入	"支付验证：Stripe · 当前 MRR $0 · 活跃订阅 0 · 近12个月营收 $40,321 · 累计营收 $	✅	❌	❌	❌
"AppMakerKit"	2026-09-15	TrustMRR 导入	"支付验证：Stripe · 当前 MRR $0 · 活跃订阅 0 · 近12个月营收 $7,339 · 累计营收 $7	✅	❌	❌	❌
"AutoWP"	2026-09-15	TrustMRR 导入	"支付验证：Stripe · 当前 MRR $19 · 活跃订阅 1 · 近12个月营收 $7,201 · 累计营收 $	✅	❌	❌	❌
"Ad Library Accelerator - Chrome Plugin for Facebook Ad Library / Meta / Instagram in Europe"	2026-09-15	TrustMRR 导入	"支付验证：Stripe · 当前 MRR $81 · 活跃订阅 6 · 近12个月营收 $15,192 · 累计营收 	✅	❌	❌	❌
"Coralflavor"	2026-09-15	TrustMRR 导入	"支付验证：Stripe · 当前 MRR $1,552 · 活跃订阅 168 · 近12个月营收 $9,596 · 累	✅	❌	❌	❌
"Bookedin"	2026-09-15	TrustMRR 导入	"支付验证：Stripe · 当前 MRR $12,931 · 活跃订阅 98 · 近12个月营收 $126,159 ·	✅	❌	❌	❌
"Chat whisperer"	2026-09-15	TrustMRR 导入	"支付验证：Stripe · 当前 MRR $557 · 活跃订阅 14 · 近12个月营收 $9,686 · 累计营收	✅	❌	❌	❌
"Blur It"	2026-09-15	TrustMRR 导入	"支付验证：Polar · 当前 MRR $11 · 活跃订阅 4 · 近12个月营收 $1,896 · 累计营收 $1	✅	❌	❌	❌
"BrandiblyAI"	2026-09-15	TrustMRR 导入	"支付验证：Stripe · 当前 MRR $350 · 活跃订阅 7 · 近12个月营收 $32,581 · 累计营收	✅	❌	❌	❌
"assistants.ae"	2026-09-15	TrustMRR 导入	"支付验证：Stripe · 当前 MRR $0 · 活跃订阅 0 · 近12个月营收 $3,240 · 累计营收 $3	✅	❌	❌	❌
"Agent MMA"	2026-09-15	TrustMRR 导入	"支付验证：Stripe · 当前 MRR $736 · 活跃订阅 58 · 近12个月营收 $6,511 · 累计营收	✅	❌	❌	❌
"Blupry"	2026-09-15	TrustMRR 导入	"支付验证：Stripe · 当前 MRR $0 · 活跃订阅 0 · 近12个月营收 $1,913 · 累计营收 $3	✅	❌	❌	❌
"AuraClaw"	2026-09-15	TrustMRR 导入	"支付验证：Stripe · 当前 MRR $0 · 活跃订阅 0 · 近12个月营收 $24,611 · 累计营收 $	✅	❌	❌	❌
"BettrBot"	2026-09-15	TrustMRR 导入	"支付验证：Whop (API key), Stripe · 当前 MRR $0 · 活跃订阅 0 · 近12个月营收 	✅	❌	❌	❌
"ArchiRise"	2026-09-15	TrustMRR 导入	"支付验证：Stripe · 当前 MRR $485 · 活跃订阅 12 · 近12个月营收 $4,163 · 累计营收	✅	❌	❌	❌
"Baptiste Corno"	2026-09-15	TrustMRR 导入	"支付验证：Stripe · 当前 MRR $0 · 活跃订阅 0 · 近12个月营收 $133 · 累计营收 $15,	✅	❌	❌	❌
"Chessigma"	2026-09-15	TrustMRR 导入	"支付验证：Stripe · 当前 MRR $6,497 · 活跃订阅 485 · 近12个月营收 $50,006 · 	✅	❌	❌	❌
"1418 Technologies LLC"	2026-09-15	TrustMRR 导入	"支付验证：Stripe · 当前 MRR $63 · 活跃订阅 2 · 近12个月营收 $14,731 · 累计营收 	✅	❌	❌	❌
"BetterAntispam"	2026-09-15	TrustMRR 导入	"支付验证：Stripe · 当前 MRR $0 · 活跃订阅 0 · 近12个月营收 $120,172 · 累计营收 	✅	❌	❌	❌
"BoltBoxAI"	2026-09-15	TrustMRR 导入	"支付验证：Stripe · 当前 MRR $3 · 活跃订阅 3 · 近12个月营收 $4,768 · 累计营收 $3	✅	❌	❌	❌
"AI text Humanizer - Netherlands & Belgium"	2026-09-15	TrustMRR 导入	"支付验证：Stripe · 当前 MRR $933 · 活跃订阅 72 · 近12个月营收 $15,052 · 累计营	✅	❌	❌	❌
Chatbase	2026-09-15	TrustMRR 导入		✅	❌	❌	❌
"1Lookup"	2026-09-15	TrustMRR 导入	"支付验证：Stripe · 当前 MRR $242,612 · 活跃订阅 669 · 近12个月营收 $3,636,5	✅	❌	❌	❌
"APPRENDRE MAKE"	2026-09-15	TrustMRR 导入	"支付验证：Stripe · 当前 MRR $10 · 活跃订阅 1 · 近12个月营收 $5,866 · 累计营收 $	✅	❌	❌	❌
"CHIPTUNE"	2026-09-15	TrustMRR 导入	"支付验证：Stripe · 当前 MRR $527 · 活跃订阅 14 · 近12个月营收 $4,800 · 累计营收	✅	❌	❌	❌
"Ai Swap : Facetik"	2026-09-15	TrustMRR 导入	"支付验证：RevenueCat · 当前 MRR $521 · 活跃订阅 39 · 近12个月营收 $6,513 · 	✅	❌	❌	❌
"AI Selfie Studio"	2026-09-15	TrustMRR 导入	"支付验证：Stripe · 当前 MRR $0 · 活跃订阅 0 · 近12个月营收 $2,991 · 累计营收 $2	✅	❌	❌	❌
"20-0"	2026-09-15	TrustMRR 导入	"支付验证：Stripe · 当前 MRR $428 · 活跃订阅 97 · 近12个月营收 $2,302 · 累计营收	✅	❌	❌	❌
"aiselfi.es"	2026-09-15	TrustMRR 导入	"支付验证：Stripe · 当前 MRR $0 · 活跃订阅 0 · 近12个月营收 $16,342 · 累计营收 $	✅	❌	❌	❌
"Agents Metrics L.L.C."	2026-09-15	TrustMRR 导入	"支付验证：Stripe · 当前 MRR $149 · 活跃订阅 1 · 近12个月营收 $4,539 · 累计营收 	✅	❌	❌	❌
"140.6"	2026-09-15	TrustMRR 导入	"支付验证：RevenueCat · 当前 MRR $18 · 活跃订阅 2 · 近12个月营收 $257 · 累计营收	✅	❌	❌	❌
"Bidway"	2026-09-15	TrustMRR 导入	"支付验证：Stripe · 当前 MRR $0 · 活跃订阅 1 · 近12个月营收 $38 · 累计营收 $5,02	✅	❌	❌	❌
"Christian Tech Jobs"	2026-09-15	TrustMRR 导入	"支付验证：Stripe · 当前 MRR $2,012 · 活跃订阅 301 · 近12个月营收 $30,371 · 	✅	❌	❌	❌
"Cornerman"	2026-09-15	TrustMRR 导入	"支付验证：Stripe · 当前 MRR $0 · 活跃订阅 0 · 近12个月营收 $1,491 · 累计营收 $1	✅	❌	❌	❌
"anon-1"	2026-09-15	TrustMRR 导入	"支付验证：Stripe · 当前 MRR $0 · 活跃订阅 0 · 近12个月营收 $511,705 · 累计营收 	✅	❌	❌	❌
"100PercentMarket"	2026-09-15	TrustMRR 导入	"支付验证：Stripe · 当前 MRR $2,437 · 活跃订阅 10 · 近12个月营收 $6,294 · 累计	✅	❌	❌	❌
"ApexVol"	2026-09-15	TrustMRR 导入	"支付验证：Stripe · 当前 MRR $1,548 · 活跃订阅 13 · 近12个月营收 $5,198 · 累计	✅	❌	❌	❌
"Analytics Mates"	2026-09-15	TrustMRR 导入	"支付验证：Stripe · 当前 MRR $3,148 · 活跃订阅 4 · 近12个月营收 $252,206 · 累	✅	❌	❌	❌
"Abre.bio"	2026-09-15	TrustMRR 导入	"支付验证：Stripe · 当前 MRR $141 · 活跃订阅 30 · 近12个月营收 $2,210 · 累计营收	✅	❌	❌	❌
"Sportsjobs Online"	2026-09-15	TrustMRR 导入	"支付验证：Stripe · 当前 MRR $527 · 活跃订阅 98 · 近12个月营收 $6,930 · 累计营收	✅	❌	❌	❌
"Audn.AI"	2026-09-15	TrustMRR 导入	"支付验证：Stripe · 当前 MRR $17,900 · 活跃订阅 82 · 近12个月营收 $27,479 · 	✅	❌	❌	❌
"AIWA"	2026-09-15	TrustMRR 导入	"支付验证：Stripe · 当前 MRR $83 · 活跃订阅 1 · 近12个月营收 $4,158 · 累计营收 $	✅	❌	❌	❌
"Aprende Hebreo"	2026-09-15	TrustMRR 导入	"支付验证：Stripe · 当前 MRR $59 · 活跃订阅 9 · 近12个月营收 $31,432 · 累计营收 	✅	❌	❌	❌
"Anonymous Bot for Slack"	2026-09-15	TrustMRR 导入	"支付验证：Stripe · 当前 MRR $831 · 活跃订阅 10 · 近12个月营收 $12,916 · 累计营	✅	❌	❌	❌
"Blainy"	2026-09-15	TrustMRR 导入	"支付验证：Stripe · 当前 MRR $1,348 · 活跃订阅 77 · 近12个月营收 $23,330 · 累	✅	❌	❌	❌
"Agent Idea Hub"	2026-09-15	TrustMRR 导入	"支付验证：Stripe · 当前 MRR $70 · 活跃订阅 17 · 近12个月营收 $1,562 · 累计营收 	✅	❌	❌	❌
"AI MONEY GROUP"	2026-09-15	TrustMRR 导入	"支付验证：Stripe · 当前 MRR $9,388 · 活跃订阅 107 · 近12个月营收 $181,478 ·	✅	❌	❌	❌
"Unfair 2.0"	2026-09-15	TrustMRR 导入	"支付验证：Stripe · 当前 MRR $0 · 活跃订阅 0 · 近12个月营收 $0 · 累计营收 $19,82	✅	❌	❌	❌
"Applausible"	2026-09-15	TrustMRR 导入	"支付验证：RevenueCat · 当前 MRR $56 · 活跃订阅 52 · 近12个月营收 $1,914 · 累	✅	❌	❌	❌
"AllToken"	2026-09-15	TrustMRR 导入	"支付验证：Stripe · 当前 MRR $0 · 活跃订阅 0 · 近12个月营收 $20,157 · 累计营收 $	✅	❌	❌	❌
"blazedocs.io"	2026-09-15	TrustMRR 导入	"支付验证：Stripe · 当前 MRR $0 · 活跃订阅 0 · 近12个月营收 $6,547 · 累计营收 $6	✅	❌	❌	❌
"Chetty"	2026-09-15	TrustMRR 导入	"支付验证：Stripe · 当前 MRR $115 · 活跃订阅 3 · 近12个月营收 $1,710 · 累计营收 	✅	❌	❌	❌
"AI Math Solver+"	2026-09-15	TrustMRR 导入	"支付验证：RevenueCat · 当前 MRR $438 · 活跃订阅 59 · 近12个月营收 $8,302 · 	✅	❌	❌	❌
"Cattus AI"	2026-09-15	TrustMRR 导入	"支付验证：Stripe · 当前 MRR $582 · 活跃订阅 32 · 近12个月营收 $8,616 · 累计营收	✅	❌	❌	❌
"Barakaa"	2026-09-15	TrustMRR 导入	"支付验证：Superwall · 当前 MRR $71 · 活跃订阅 26 · 近12个月营收 $3,420 · 累计	✅	❌	❌	❌
"Aidelly"	2026-09-15	TrustMRR 导入	"支付验证：Stripe · 当前 MRR $1,091 · 活跃订阅 16 · 近12个月营收 $3,449 · 累计	✅	❌	❌	❌
"AppAlchemy"	2026-09-15	TrustMRR 导入	"支付验证：Stripe · 当前 MRR $6,441 · 活跃订阅 222 · 近12个月营收 $131,630 ·	✅	❌	❌	❌
"Bustem, Inc"	2026-09-15	TrustMRR 导入	"支付验证：Stripe · 当前 MRR $429,740 · 活跃订阅 152 · 近12个月营收 $3,655,6	✅	❌	❌	❌
"BlitzReels"	2026-09-15	TrustMRR 导入	"支付验证：Stripe · 当前 MRR $1,251 · 活跃订阅 39 · 近12个月营收 $5,635 · 累计	✅	❌	❌	❌
"blllu"	2026-09-15	TrustMRR 导入	"支付验证：Stripe · 当前 MRR $0 · 活跃订阅 0 · 近12个月营收 $0 · 累计营收 $13,32	✅	❌	❌	❌
"All Love Here"	2026-09-15	TrustMRR 导入	"支付验证：Shopify (OAuth connection) · 当前 MRR $0 · 活跃订阅 0 · 近12个	✅	❌	❌	❌
"Calendesk"	2026-09-15	TrustMRR 导入	"支付验证：Stripe · 当前 MRR $21,957 · 活跃订阅 374 · 近12个月营收 $364,597 	✅	❌	❌	❌
"ChatSEO"	2026-09-15	TrustMRR 导入	"支付验证：Stripe · 当前 MRR $32,595 · 活跃订阅 743 · 近12个月营收 $206,965 	✅	❌	❌	❌
"Avenue Ticketing, Inc."	2026-09-15	TrustMRR 导入	"支付验证：Stripe · 当前 MRR $0 · 活跃订阅 0 · 近12个月营收 $1,021,502 · 累计营	✅	❌	❌	❌
"ADELANTE LTD"	2026-09-15	TrustMRR 导入	"支付验证：Stripe · 当前 MRR $17,357 · 活跃订阅 69 · 近12个月营收 $115,333 ·	✅	❌	❌	❌
"Blabla"	2026-09-15	TrustMRR 导入	"支付验证：Stripe · 当前 MRR $9,564 · 活跃订阅 131 · 近12个月营收 $60,137 · 	✅	❌	❌	❌
"Blocs.me"	2026-09-15	TrustMRR 导入	"支付验证：Stripe · 当前 MRR $4 · 活跃订阅 2 · 近12个月营收 $241 · 累计营收 $2,5	✅	❌	❌	❌
"Based Labs AI"	2026-09-15	TrustMRR 导入	"支付验证：Stripe · 当前 MRR $28,537 · 活跃订阅 873 · 近12个月营收 $126,500 	✅	❌	❌	❌
"AiCasaDesign.com"	2026-09-15	TrustMRR 导入	"支付验证：Stripe · 当前 MRR $1,505 · 活跃订阅 35 · 近12个月营收 $25,347 · 累	✅	❌	❌	❌
"AE Layer Tool"	2026-09-15	TrustMRR 导入	"支付验证：Stripe · 当前 MRR $0 · 活跃订阅 0 · 近12个月营收 $4,871 · 累计营收 $4	✅	❌	❌	❌
"BundlyAI"	2026-09-15	TrustMRR 导入	"支付验证：Stripe · 当前 MRR $0 · 活跃订阅 0 · 近12个月营收 $0 · 累计营收 $4,595	✅	❌	❌	❌
"AmICited"	2026-09-15	TrustMRR 导入	"支付验证：Stripe · 当前 MRR $16,944 · 活跃订阅 153 · 近12个月营收 $151,333 	✅	❌	❌	❌
"Beep Productivity Inc."	2026-09-15	TrustMRR 导入	"支付验证：Stripe · 当前 MRR $60 · 活跃订阅 5 · 近12个月营收 $1,802 · 累计营收 $	✅	❌	❌	❌
"Cooldock"	2026-09-15	TrustMRR 导入	"支付验证：Polar · 当前 MRR $0 · 活跃订阅 0 · 近12个月营收 $18,379 · 累计营收 $1	✅	❌	❌	❌
"AI Prank Call"	2026-09-15	TrustMRR 导入	"支付验证：Stripe · 当前 MRR $330 · 活跃订阅 30 · 近12个月营收 $2,952 · 累计营收	✅	❌	❌	❌
"1milliontaps.lol"	2026-09-15	TrustMRR 导入	"支付验证：Stripe · 当前 MRR $0 · 活跃订阅 0 · 近12个月营收 $533 · 累计营收 $533	✅	❌	❌	❌
"7Running"	2026-09-15	TrustMRR 导入	"支付验证：Stripe · 当前 MRR $362 · 活跃订阅 30 · 近12个月营收 $4,900 · 累计营收	✅	❌	❌	❌
"B150"	2026-09-15	TrustMRR 导入	"支付验证：Stripe · 当前 MRR $82 · 活跃订阅 12 · 近12个月营收 $528 · 累计营收 $9	✅	❌	❌	❌
"Alia"	2026-09-15	TrustMRR 导入		✅	❌	❌	❌
"Appthetics"	2026-09-15	TrustMRR 导入	"支付验证：Polar (API key), Dodo Payments · 当前 MRR $151 · 活跃订阅 14	✅	❌	❌	❌
"AE-intelligence"	2026-09-15	TrustMRR 导入	"支付验证：Stripe · 当前 MRR $26,970 · 活跃订阅 1,052 · 近12个月营收 $371,03	✅	❌	❌	❌
"ChatEasy"	2026-09-15	TrustMRR 导入	"支付验证：Stripe · 当前 MRR $0 · 活跃订阅 0 · 近12个月营收 $9,255 · 累计营收 $9	✅	❌	❌	❌
"AI Humanizer"	2026-09-15	TrustMRR 导入	"支付验证：Stripe · 当前 MRR $75 · 活跃订阅 8 · 近12个月营收 $13,211 · 累计营收 	✅	❌	❌	❌
"AutoPrintEmail"	2026-09-15	TrustMRR 导入	"支付验证：Stripe · 当前 MRR $370 · 活跃订阅 27 · 近12个月营收 $22,759 · 累计营	✅	❌	❌	❌
"ADAWCAG"	2026-09-15	TrustMRR 导入	"支付验证：Stripe · 当前 MRR $1,294 · 活跃订阅 6 · 近12个月营收 $5,006 · 累计营	✅	❌	❌	❌
"FishingAI"	2026-09-15	TrustMRR 导入	"支付验证：RevenueCat · 当前 MRR $2,167 · 活跃订阅 586 · 近12个月营收 $18,54	✅	❌	❌	❌
"BlurScreen.app"	2026-09-15	TrustMRR 导入	"支付验证：Stripe · 当前 MRR $117 · 活跃订阅 37 · 近12个月营收 $4,244 · 累计营收	✅	❌	❌	❌
"Candidate Falcon"	2026-09-15	TrustMRR 导入	"支付验证：Stripe · 当前 MRR $220 · 活跃订阅 11 · 近12个月营收 $2,165 · 累计营收	✅	❌	❌	❌
"artkit.cc"	2026-09-15	TrustMRR 导入	"支付验证：Stripe · 当前 MRR $0 · 活跃订阅 0 · 近12个月营收 $71,222 · 累计营收 $	✅	❌	❌	❌
"Chatium"	2026-09-15	TrustMRR 导入	"支付验证：Stripe · 当前 MRR $0 · 活跃订阅 0 · 近12个月营收 $17,138 · 累计营收 $	✅	❌	❌	❌
"Advanced GSC MCP"	2026-09-15	TrustMRR 导入	"支付验证：Stripe · 当前 MRR $4,081 · 活跃订阅 128 · 近12个月营收 $10,935 · 	✅	❌	❌	❌
"ApplyAll"	2026-09-15	TrustMRR 导入	"支付验证：Stripe · 当前 MRR $1,745 · 活跃订阅 3 · 近12个月营收 $358,685 · 累	✅	❌	❌	❌
"AI Media Studio"	2026-09-15	TrustMRR 导入	"支付验证：Polar · 当前 MRR $87 · 活跃订阅 4 · 近12个月营收 $2,773 · 累计营收 $2	✅	❌	❌	❌
"BuzzRush"	2026-09-15	TrustMRR 导入	"支付验证：RevenueCat · 当前 MRR $676 · 活跃订阅 145 · 近12个月营收 $9,685 ·	✅	❌	❌	❌
"Account & Expense Manager"	2026-09-15	TrustMRR 导入	"支付验证：RevenueCat · 当前 MRR $633 · 活跃订阅 571 · 近12个月营收 $12,811 	✅	❌	❌	❌
"AI Startup Newsletter"	2026-09-15	TrustMRR 导入	"支付验证：Stripe · 当前 MRR $0 · 活跃订阅 0 · 近12个月营收 $0 · 累计营收 $4,278	✅	❌	❌	❌
"Benji"	2026-09-15	TrustMRR 导入	"支付验证：Lemon Squeezy · 当前 MRR $199 · 活跃订阅 44 · 近12个月营收 $1,393	✅	❌	❌	❌
StoryShort	2026-09-15	TrustMRR 导入		✅	❌	❌	❌
Reclaim	2026-09-15	TrustMRR 导入		✅	❌	❌	❌
"5 Day Sprint"	2026-09-15	TrustMRR 导入	"支付验证：Stripe · 当前 MRR $6,679 · 活跃订阅 95 · 近12个月营收 $102,908 · 	✅	❌	❌	❌
"Agence web Abstract27"	2026-09-15	TrustMRR 导入	"支付验证：Stripe · 当前 MRR $823 · 活跃订阅 27 · 近12个月营收 $18,920 · 累计营	✅	❌	❌	❌
"Coral"	2026-09-15	TrustMRR 导入	"支付验证：Stripe · 当前 MRR $3,100 · 活跃订阅 43 · 近12个月营收 $42,241 · 累	✅	❌	❌	❌
"AssignmentGPT.AI"	2026-09-15	TrustMRR 导入	"支付验证：Lemon Squeezy · 当前 MRR $704 · 活跃订阅 60 · 近12个月营收 $11,10	✅	❌	❌	❌
"AI voice calls"	2026-09-15	TrustMRR 导入	"支付验证：Stripe · 当前 MRR $346 · 活跃订阅 2 · 近12个月营收 $2,560 · 累计营收 	✅	❌	❌	❌
"AI Renamer"	2026-09-15	TrustMRR 导入	"支付验证：Polar · 当前 MRR $0 · 活跃订阅 0 · 近12个月营收 $5,094 · 累计营收 $7,	✅	❌	❌	❌
"AEO Checker"	2026-09-15	TrustMRR 导入	"支付验证：Stripe · 当前 MRR $1,315 · 活跃订阅 50 · 近12个月营收 $13,400 · 累	✅	❌	❌	❌
"Brono"	2026-09-15	TrustMRR 导入	"支付验证：Stripe · 当前 MRR $183 · 活跃订阅 19 · 近12个月营收 $3,674 · 累计营收	✅	❌	❌	❌
TrustMRR	2026-09-15	TrustMRR 导入		✅	❌	❌	❌
"Car Play Connect"	2026-09-15	TrustMRR 导入	"支付验证：RevenueCat · 当前 MRR $1,533 · 活跃订阅 656 · 近12个月营收 $18,40	✅	❌	❌	❌
"Alphascope"	2026-09-15	TrustMRR 导入	"支付验证：Whop · 当前 MRR $435 · 活跃订阅 25 · 近12个月营收 $8,428 · 累计营收 $	✅	❌	❌	❌
"Abstract27 Ltd"	2026-09-15	TrustMRR 导入	"支付验证：Stripe · 当前 MRR $404 · 活跃订阅 13 · 近12个月营收 $7,738 · 累计营收	✅	❌	❌	❌
"Book The Move"	2026-09-15	TrustMRR 导入	"支付验证：Stripe · 当前 MRR $5,625 · 活跃订阅 6 · 近12个月营收 $137,098 · 累	✅	❌	❌	❌
"AfroVibrations"	2026-09-15	TrustMRR 导入	"支付验证：Stripe · 当前 MRR $0 · 活跃订阅 0 · 近12个月营收 $30,942 · 累计营收 $	✅	❌	❌	❌
"ABHUB"	2026-09-15	TrustMRR 导入	"支付验证：Stripe · 当前 MRR $199 · 活跃订阅 1 · 近12个月营收 $2,388 · 累计营收 	✅	❌	❌	❌
"Corey Chiu"	2026-09-15	TrustMRR 导入	"支付验证：Stripe · 当前 MRR $3,811 · 活跃订阅 241 · 近12个月营收 $45,276 · 	✅	❌	❌	❌
"BeLikeNative"	2026-09-15	TrustMRR 导入	"支付验证：Stripe · 当前 MRR $267 · 活跃订阅 37 · 近12个月营收 $9,769 · 累计营收	✅	❌	❌	❌
"Alchie"	2026-09-15	TrustMRR 导入	"支付验证：Stripe · 当前 MRR $16,999 · 活跃订阅 274 · 近12个月营收 $44,899 ·	✅	❌	❌	❌
"BOBARISTA"	2026-09-15	TrustMRR 导入	"支付验证：Stripe · 当前 MRR $0 · 活跃订阅 0 · 近12个月营收 $892 · 累计营收 $196	✅	❌	❌	❌
"Opire, LLC"	2026-09-15	TrustMRR 导入	"支付验证：Stripe · 当前 MRR $5 · 活跃订阅 1 · 近12个月营收 $39,460 · 累计营收 $	✅	❌	❌	❌
"AiStudios"	2026-09-15	TrustMRR 导入	"支付验证：Stripe · 当前 MRR $1,446 · 活跃订阅 26 · 近12个月营收 $13,039 · 累	✅	❌	❌	❌
"1% Better"	2026-09-15	TrustMRR 导入	"支付验证：RevenueCat · 当前 MRR $4 · 活跃订阅 3 · 近12个月营收 $326 · 累计营收 	✅	❌	❌	❌
"car-docs.ro"	2026-09-15	TrustMRR 导入	"支付验证：Stripe · 当前 MRR $0 · 活跃订阅 0 · 近12个月营收 $11,098 · 累计营收 $	✅	❌	❌	❌
"Add More Colors to Calendar"	2026-09-15	TrustMRR 导入	"支付验证：Stripe · 当前 MRR $95 · 活跃订阅 31 · 近12个月营收 $2,166 · 累计营收 	✅	❌	❌	❌
"Adverse Monitor"	2026-09-15	TrustMRR 导入	"支付验证：Stripe · 当前 MRR $356 · 活跃订阅 2 · 近12个月营收 $3,985 · 累计营收 	✅	❌	❌	❌
"Anymelo"	2026-09-15	TrustMRR 导入	"支付验证：Stripe · 当前 MRR $654 · 活跃订阅 35 · 近12个月营收 $7,122 · 累计营收	✅	❌	❌	❌
"Car Dealer Tracker"	2026-09-15	TrustMRR 导入	"支付验证：RevenueCat · 当前 MRR $669 · 活跃订阅 52 · 近12个月营收 $4,264 · 	✅	❌	❌	❌
"Athletiks"	2026-09-15	TrustMRR 导入	"支付验证：Stripe · 当前 MRR $0 · 活跃订阅 0 · 近12个月营收 $115,623 · 累计营收 	✅	❌	❌	❌
"3dplotter"	2026-09-15	TrustMRR 导入	"支付验证：Stripe · 当前 MRR $0 · 活跃订阅 0 · 近12个月营收 $12,354 · 累计营收 $	✅	❌	❌	❌
"Capiii by Kevin Schindler"	2026-09-15	TrustMRR 导入	"支付验证：Stripe · 当前 MRR $0 · 活跃订阅 0 · 近12个月营收 $2,311 · 累计营收 $3	✅	❌	❌	❌
"Aura For Creators"	2026-09-15	TrustMRR 导入	"支付验证：Stripe · 当前 MRR $800 · 活跃订阅 3 · 近12个月营收 $12,278 · 累计营收	✅	❌	❌	❌
"AIWriteBook"	2026-09-15	TrustMRR 导入	"支付验证：RevenueCat · 当前 MRR $13,678 · 活跃订阅 457 · 近12个月营收 $154,	✅	❌	❌	❌
"AI Designer"	2026-09-15	TrustMRR 导入	"支付验证：Stripe · 当前 MRR $9,042 · 活跃订阅 327 · 近12个月营收 $67,829 · 	✅	❌	❌	❌
"BillionVerify"	2026-09-15	TrustMRR 导入	"支付验证：Stripe · 当前 MRR $1,292 · 活跃订阅 24 · 近12个月营收 $5,399 · 累计	✅	❌	❌	❌
"10 AI SaaS"	2026-09-15	TrustMRR 导入	"支付验证：Lemon Squeezy · 当前 MRR $0 · 活跃订阅 0 · 近12个月营收 $8,551 · 	✅	❌	❌	❌
"BERACE"	2026-09-15	TrustMRR 导入	"支付验证：RevenueCat · 当前 MRR $2,152 · 活跃订阅 550 · 近12个月营收 $22,04	✅	❌	❌	❌
"KitchenDesign"	2026-09-15	TrustMRR 导入	"支付验证：Paddle · 当前 MRR $2,440 · 活跃订阅 107 · 近12个月营收 $35,406 · 	✅	❌	❌	❌
"Chariot AI"	2026-09-15	TrustMRR 导入	"支付验证：Stripe · 当前 MRR $8,268 · 活跃订阅 378 · 近12个月营收 $76,764 · 	✅	❌	❌	❌
"AffiliList"	2026-09-15	TrustMRR 导入	"支付验证：Stripe · 当前 MRR $0 · 活跃订阅 0 · 近12个月营收 $1,822 · 累计营收 $2	✅	❌	❌	❌
"BrokenStudios"	2026-09-15	TrustMRR 导入	"支付验证：Stripe · 当前 MRR $0 · 活跃订阅 0 · 近12个月营收 $10,666 · 累计营收 $	✅	❌	❌	❌
"Cartoonie"	2026-09-15	TrustMRR 导入	"支付验证：RevenueCat · 当前 MRR $36 · 活跃订阅 2 · 近12个月营收 $2,559 · 累计	✅	❌	❌	❌
"1DevTool"	2026-09-15	TrustMRR 导入	"支付验证：Lemon Squeezy · 当前 MRR $5 · 活跃订阅 2 · 近12个月营收 $7,217 · 	✅	❌	❌	❌
"APRS CONSEIL"	2026-09-15	TrustMRR 导入	"支付验证：Stripe · 当前 MRR $0 · 活跃订阅 0 · 近12个月营收 $5,894 · 累计营收 $6	✅	❌	❌	❌
"Brainote"	2026-09-15	TrustMRR 导入	"支付验证：RevenueCat · 当前 MRR $415 · 活跃订阅 0 · 近12个月营收 $6,550 · 累	✅	❌	❌	❌
"Agiletestware LLC"	2026-09-15	TrustMRR 导入	"支付验证：Stripe · 当前 MRR $0 · 活跃订阅 0 · 近12个月营收 $1 · 累计营收 $381,6	✅	❌	❌	❌
"AI Detector - Image Checker"	2026-09-15	TrustMRR 导入	"支付验证：RevenueCat · 当前 MRR $418 · 活跃订阅 33 · 近12个月营收 $2,439 · 	✅	❌	❌	❌
"Ankan Systems"	2026-09-15	TrustMRR 导入	"支付验证：Stripe · 当前 MRR $19 · 活跃订阅 1 · 近12个月营收 $2,207 · 累计营收 $	✅	❌	❌	❌
"Blockit"	2026-09-15	TrustMRR 导入	"支付验证：RevenueCat · 当前 MRR $413 · 活跃订阅 130 · 近12个月营收 $5,124 ·	✅	❌	❌	❌
"Catalister"	2026-09-15	TrustMRR 导入	"支付验证：Stripe · 当前 MRR $4,054 · 活跃订阅 102 · 近12个月营收 $140,751 ·	✅	❌	❌	❌
"Brewbrand"	2026-09-15	TrustMRR 导入	"支付验证：Paddle · 当前 MRR $162 · 活跃订阅 9 · 近12个月营收 $3,091 · 累计营收 	✅	❌	❌	❌
"Apparate Pty Ltd"	2026-09-15	TrustMRR 导入	"支付验证：Stripe · 当前 MRR $11 · 活跃订阅 1 · 近12个月营收 $38,921 · 累计营收 	✅	❌	❌	❌
"Brevilabs"	2026-09-15	TrustMRR 导入	"支付验证：Stripe · 当前 MRR $18,965 · 活跃订阅 1,429 · 近12个月营收 $503,31	✅	❌	❌	❌
"Backlinker AI"	2026-09-15	TrustMRR 导入	"支付验证：Stripe · 当前 MRR $22,450 · 活跃订阅 52 · 近12个月营收 $241,429 ·	✅	❌	❌	❌
"Replymer"	2026-09-15	TrustMRR 导入	"支付验证：Stripe · 当前 MRR $5,115 · 活跃订阅 33 · 近12个月营收 $96,967 · 累	✅	❌	❌	❌
"ChefGPT"	2026-09-15	TrustMRR 导入	"支付验证：RevenueCat · 当前 MRR $1,994 · 活跃订阅 361 · 近12个月营收 $16,27	✅	❌	❌	❌
"BlogSEO"	2026-09-15	TrustMRR 导入	"支付验证：Stripe · 当前 MRR $0 · 活跃订阅 0 · 近12个月营收 $3,920 · 累计营收 $6	✅	❌	❌	❌
"BlackTwist"	2026-09-15	TrustMRR 导入	"支付验证：Lemon Squeezy · 当前 MRR $2,270 · 活跃订阅 131 · 近12个月营收 $25	✅	❌	❌	❌
