slug	name	primary	all_reasons	review
0sec	0sec	正文残缺	正文残缺:35字	
10-ai-saas	10 AI SaaS	正文残缺	正文残缺:35字	
10k-steps-club	10k Steps Club	正文残缺	正文残缺:34字	
12306	铁路12306	大厂/主流	大厂/主流:	
17k	17K小说	正文残缺	正文残缺:26字	
1devtool	1DevTool	正文残缺	正文残缺:0字	
1foodmenu	1FoodMenu	正文残缺	正文残缺:38字	
24dian	24点	正文残缺	正文残缺:27字	
36kr	36氪	大厂/主流	大厂/主流:;正文残缺:35字	媒体/社区/商店
3d-agent	3D-AGENT	正文残缺	正文残缺:36字	
a-1-plumbing-heating-cooling-mechanical	Unfair 2.0	正文残缺	正文残缺:31字	
aaru	Aaru	噪声词/疑似报道	噪声词/疑似报道:融资,估值	
account-expense-manager	Account & Expense Manager	正文残缺	正文残缺:33字	
acm-fellow-cn	ACM Fellow中国学者	获奖/比赛/人物	获奖/比赛/人物:	
acm-icpc	ACM-ICPC	获奖/比赛/人物	获奖/比赛/人物:	
ad-cn	全国大学生广告艺术大赛	大厂/主流	大厂/主流:;获奖/比赛/人物:;正文残缺:15字	
adblock-firefox	AdBlock	缺必填字段	缺必填字段:可迁移点	
adblocker-ultimate	AdBlocker Ultimate	缺必填字段	缺必填字段:可迁移点;正文残缺:32字	
adelante-ltd	ADELANTE LTD	正文残缺	正文残缺:30字	
adscriptly	Adscriptly	正文残缺	正文残缺:39字	
ae-intelligence	AE-intelligence	正文残缺	正文残缺:32字	
aeo-engine	AEO Engine	正文残缺	正文残缺:36字	
aera-browser	Aera Browser	正文残缺	正文残缺:38字	
aerie	aerie	正文残缺	正文残缺:37字	
affililist	AffiliList	正文残缺	正文残缺:35字	
afrovibrations	AfroVibrations	正文残缺	正文残缺:36字	
agence-immobiliere-france	Agence immobiliere france	正文残缺	正文残缺:29字	媒体/社区/商店
agent-idea-hub	Agent Idea Hub	正文残缺	正文残缺:26字	
agent-mma-llc	Agent MMA	正文残缺	正文残缺:39字	媒体/社区/商店
agentteamemail	AGENTTEAMEMAIL	正文残缺	正文残缺:34字	
agoravai	AgoraVai	正文残缺	正文残缺:22字	
ai-directories	AI Directories	正文残缺	正文残缺:33字	
ai-editor-photo-video	Ai Editor: Photo & Video	正文残缺	正文残缺:37字	
ai-kitchendesign	KitchenDesign	正文残缺	正文残缺:34字	
ai-labs	AI Labs	正文残缺	正文残缺:18字	
ai-pro-portrait	Headshots	正文残缺	正文残缺:37字	
ai-resources	AI Resources	正文残缺	正文残缺:33字	
ai-startup-newsletter	AI Startup Newsletter	正文残缺	正文残缺:25字	
ai-text-humanizer-netherlands-belgium	AI text Humanizer - Netherlands & Belgium	正文残缺	正文残缺:29字	
ai-voice-calls	AI voice calls	正文残缺	正文残缺:39字	
aicasadesign-com	AiCasaDesign.com	正文残缺	正文残缺:36字	
aifanr	爱范儿	大厂/主流	大厂/主流:;正文残缺:24字	媒体/社区/商店
aistudios	AiStudios	正文残缺	正文残缺:36字	
aiwa	AIWA	正文残缺	正文残缺:37字	
ajmd	阿基米德	正文残缺	正文残缺:27字	媒体/社区/商店
akari	Akari	正文残缺	正文残缺:39字	
aleister	Aleister	正文残缺	正文残缺:30字	
alibaba-security	阿里聚安全算法大赛	大厂/主流	大厂/主流:;获奖/比赛/人物:	
alibaba-zhushen	阿里巴巴诸神之战	大厂/主流	大厂/主流:;正文残缺:14字	
alipay-mini	支付宝小程序大赛	大厂/主流	大厂/主流:;获奖/比赛/人物:;正文残缺:30字	
aliyun-dev	阿里云开发者大赛	大厂/主流	大厂/主流:;获奖/比赛/人物:;正文残缺:34字	
aliyun-tianchi	阿里云天池	大厂/主流	大厂/主流:;正文残缺:37字	
all-love-here	All Love Here	正文残缺	正文残缺:33字	
allwinner	全志科技 Allwinner	大厂/主流	大厂/主流:;正文残缺:20字	
alodata	alodata	正文残缺	正文残缺:28字	
alook-browser	Alook浏览器	缺必填字段	缺必填字段:可迁移点	
altitude-cleaning-crew	Altitude Cleaning Crew	正文残缺	正文残缺:29字	
amit-sarda	Amit Sarda	正文残缺	正文残缺:34字	
anchor	Anchor	正文残缺	正文残缺:28字	
animalo	Animalo	正文残缺	正文残缺:36字	
anjuke	安居客	大厂/主流	大厂/主流:;正文残缺:36字	
anon-1	anon-1	正文残缺	正文残缺:29字	
anon-2	anon-2	正文残缺	正文残缺:34字	
anonymous-bot-for-slack	Anonymous Bot for Slack	正文残缺	正文残缺:26字	
ant-wealth	蚂蚁财富	大厂/主流	大厂/主流:;正文残缺:35字	
anxinke	安信可	正文残缺	正文残缺:30字	
anymelo	Anymelo	正文残缺	正文残缺:37字	
applausible	Applausible	正文残缺	正文残缺:35字	
appointly-uk	Appointly UK	正文残缺	正文残缺:37字	
apprendre-make	APPRENDRE MAKE	正文残缺	正文残缺:37字	
aprende-vibe-coding	Aprende Vibe Coding	正文残缺	正文残缺:28字	
aprs-conseil	APRS CONSEIL	正文残缺	正文残缺:23字	媒体/社区/商店
archirise	ArchiRise	正文残缺	正文残缺:37字	
arcton	Arcton	正文残缺	正文残缺:36字	
artadum	Artadum	正文残缺	正文残缺:36字	
artisania	Artisania	正文残缺	正文残缺:37字	
artkit-cc	artkit.cc	正文残缺	正文残缺:30字	
ascend-ai	华为昇腾AI创新大赛	大厂/主流	大厂/主流:;获奖/比赛/人物:;正文残缺:32字	
atimelogger	aTimeLogger	缺必填字段	缺必填字段:可迁移点	
atomics-digital	Atomics Digital	正文残缺	正文残缺:14字	
audionova	AudioNova	获奖/比赛/人物	获奖/比赛/人物:	
audixa-ai	Audixa AI	正文残缺	正文残缺:28字	
authoritystack-ai	AuthorityStack.ai	正文残缺	正文残缺:26字	
autoclip	Autoclip	正文残缺	正文残缺:37字	
autohome	汽车之家	大厂/主流	大厂/主流:;正文残缺:24字	媒体/社区/商店
autoreels-ai	AutoReels.AI	正文残缺	正文残缺:37字	
autosaaslaunch	AutoSaaSLaunch	正文残缺	正文残缺:39字	
avachats-llc	AvaChats LLC	正文残缺	正文残缺:30字	
avenue-ticketing-inc	Avenue Ticketing, Inc.	正文残缺	正文残缺:29字	
awesome-screenshot	Awesome Screenshot	正文残缺	正文残缺:28字	
ayehigh-16k-users-ai-resume-solutions-suite	AyeHigh - (16k+ users) AI Resume Solutions Suite	正文残缺	正文残缺:37字	
ayo	Ayo	正文残缺	正文残缺:38字	媒体/社区/商店
b150	B150	正文残缺	正文残缺:34字	媒体/社区/商店
b612	B612	大厂/主流	大厂/主流:	
baby-logger	宝宝生活记录 - 喂奶记录、喂养记录	缺必填字段	缺必填字段:可迁移点	
backpedal-ltd	BackPedal Ltd	正文残缺	正文残缺:28字	
baidu-ai-studio	百度AI Studio大赛	大厂/主流	大厂/主流:;获奖/比赛/人物:	
baidu-fanyi	百度翻译	大厂/主流	大厂/主流:;正文残缺:38字	
baidu-input	百度输入法	大厂/主流	大厂/主流:;正文残缺:29字	
baidu-star	百度之星	大厂/主流	大厂/主流:;正文残缺:16字	
baidu-wangpan	百度网盘直链	大厂/主流	大厂/主流:;正文残缺:33字	
baiyan	百词斩	大厂/主流	大厂/主流:;正文残缺:35字	
bakering-app-sl	Bakering App SL	正文残缺	正文残缺:34字	
banana-pi	跃昉 Banana Pi	正文残缺	正文残缺:10字	
bank-of-china	中国银行	大厂/主流	大厂/主流:;正文残缺:32字	
bankconv	BankConv	正文残缺	正文残缺:37字	
baptiste-corno	Baptiste Corno	正文残缺	正文残缺:29字	
barron-tech-llc	Barron Tech LLC	正文残缺	正文残缺:38字	
based-labs-ai	Based Labs AI	正文残缺	正文残缺:39字	媒体/社区/商店
bear-countdown	小熊数日子	缺必填字段	缺必填字段:可迁移点;正文残缺:36字	
beidou-nav	北斗导航	缺必填字段	缺必填字段:可迁移点	
beijing-metro	北京地铁通	缺必填字段	缺必填字段:可迁移点	
beike	贝壳找房	大厂/主流	大厂/主流:;正文残缺:31字	
belikenative	BeLikeNative	正文残缺	正文残缺:34字	
benji	Benji	正文残缺	正文残缺:24字	
benzgpt	BenzGPT	缺必填字段	缺必填字段:可迁移点;获奖/比赛/人物:;无收入/纯捐赠:;正文残缺:0字	
betterttv	BetterTTV	缺必填字段	缺必填字段:可迁移点	媒体/社区/商店
bibby	Bibby	正文残缺	正文残缺:39字	媒体/社区/商店
bidao	毕导THU	正文残缺	正文残缺:12字	
bidrpg	BidRPG	正文残缺	正文残缺:36字	
bijian	必剪	大厂/主流	大厂/主流:;正文残缺:35字	
bilibili-helper	哔哩哔哩助手	大厂/主流	大厂/主流:;正文残缺:39字	
bilibili	哔哩哔哩	大厂/主流	大厂/主流:;正文残缺:30字	媒体/社区/商店
billguard	Billguard	正文残缺	正文残缺:15字	
bira-flavius-c-t-lin-persoan-fizic-autorizat	BIRAȘ FLAVIUS-CĂTĂLIN PERSOANĂ FIZICĂ AUTORIZATĂ	正文残缺	正文残缺:22字	
biubiu-airgun	BiuBiuBiu - 空气枪	缺必填字段	缺必填字段:可迁移点	
bizgenius	BizGenius	正文残缺	正文残缺:25字	
blacktwist	BlackTwist	正文残缺	正文残缺:28字	
blainy	Blainy	正文残缺	正文残缺:33字	
blawgy-com	Blawgy.com	正文残缺	正文残缺:36字	
blimely	Blimely	正文残缺	正文残缺:37字	
blipix	Blipix	正文残缺	正文残缺:39字	媒体/社区/商店
blogbowl	BlogBowl	正文残缺	正文残缺:31字	
blogseo	BlogSEO	正文残缺	正文残缺:32字	
blupry-marketplace	Blupry Marketplace	正文残缺	正文残缺:38字	
blurscreen-app	BlurScreen.app	正文残缺	正文残缺:35字	
blurweb-app	Blurweb.app	正文残缺	正文残缺:37字	
bobarista	BOBARISTA	正文残缺	正文残缺:27字	
bogatu-ion	Bogatu Ion	正文残缺	正文残缺:23字	
bohe-jiankang	薄荷健康	大厂/主流	大厂/主流:	
boldltd	BOLDLTD	正文残缺	正文残缺:27字	
bolty	Bolty	正文残缺	正文残缺:37字	
brainbrew	BrainBrew	正文残缺	正文残缺:30字	
brainote	Brainote	正文残缺	正文残缺:35字	
breakly	breakly	正文残缺	正文残缺:33字	
browsegraph	BrowseGraph（浏览器内 GraphRAG）	获奖/比赛/人物	获奖/比赛/人物:	
bubeidanci	不背单词	正文残缺	正文残缺:31字	
build-the-keyword	Build The Keyword	正文残缺	正文残缺:25字	
buildmyagent-io	BuildMyAgent.io	正文残缺	正文残缺:34字	
buoy-club	Buoy Club	正文残缺	正文残缺:38字	
business-freelance	Business Freelance	正文残缺	正文残缺:26字	
butterbase	Butterbase	正文残缺	正文残缺:30字	
buynocodeapps-ltd	Blupry	正文残缺	正文残缺:28字	
byedispute	ByeDispute	重复案例	重复案例:与 byedispute-1 同名	
bytedance-fe	字节跳动前端挑战赛	获奖/比赛/人物	获奖/比赛/人物:;正文残缺:36字	
bytedance-geek	字节跳动极客大赛	获奖/比赛/人物	获奖/比赛/人物:;正文残缺:18字	
bytedance-geek2	字节跳动青训营大赛	获奖/比赛/人物	获奖/比赛/人物:;正文残缺:26字	
caixin	财新	噪声词/疑似报道	噪声词/疑似报道:;正文残缺:29字	媒体/社区/商店
caiyun-ext	彩云小译插件	大厂/主流	大厂/主流:;正文残缺:33字	
caiyun-weather	彩云天气	大厂/主流	大厂/主流:	
caiyun-xiaoyi	彩云小译	大厂/主流	大厂/主流:	
calculator-infinite	Calculator ∞	缺必填字段	缺必填字段:可迁移点	
cambricon	寒武纪 Cambricon	正文残缺	正文残缺:18字	
camscanner-one-yuan	扫描全能王（1 元版）	缺必填字段	缺必填字段:可迁移点;大厂/主流:	
camscanner	扫描全能王	大厂/主流	大厂/主流:;正文残缺:26字	
canva	可画	大厂/主流	大厂/主流:;正文残缺:39字	媒体/社区/商店
canvas-builder	Canvas Builder	大厂/主流	大厂/主流:	
canvas-insights	Canvas Student Insights with AI	大厂/主流	大厂/主流:;获奖/比赛/人物:	
canvasninja	CanvasNinja	大厂/主流	大厂/主流:	
caoz	曹政	正文残缺	正文残缺:12字	
capiii-by-kevin-schindler	Capiii by Kevin Schindler	正文残缺	正文残缺:36字	
capital-one-shopping	Capital One Shopping	缺必填字段	缺必填字段:可迁移点	
captime	Captime	正文残缺	正文残缺:39字	
car-identifier	Car Identifier	正文残缺	正文残缺:34字	
carc	中国青少年机器人竞赛	大厂/主流	大厂/主流:;获奖/比赛/人物:;正文残缺:13字	
careerkit	Careerkit	正文残缺	正文残缺:39字	
cartboss	CartBoss	正文残缺	正文残缺:34字	媒体/社区/商店
casa-fran-concepts-llc	Casa Fran Concepts LLC	正文残缺	正文残缺:36字	
cash-cow-inc-1	Cash Cow INC	正文残缺	正文残缺:32字	
castplus	CastPlus	正文残缺	正文残缺:28字	媒体/社区/商店
cat-games	Cat Games	正文残缺	正文残缺:38字	
cccsj	中国大学生计算机设计大赛	大厂/主流	大厂/主流:;获奖/比赛/人物:;正文残缺:16字	
ccf-award	CCF王选奖	大厂/主流	大厂/主流:;获奖/比赛/人物:;正文残缺:25字	
ccf-ccsp	CCF CSP / CCSP	大厂/主流	大厂/主流:;获奖/比赛/人物:	
ccpc	中国大学生程序设计竞赛 CCPC	大厂/主流	大厂/主流:;获奖/比赛/人物:;正文残缺:32字	
cebian-fanyi	侧边翻译	正文残缺	正文残缺:31字	
cgai	中国研究生人工智能创新大赛	大厂/主流	大厂/主流:;获奖/比赛/人物:;正文残缺:21字	
changelogfy	Changelogfy	正文残缺	正文残缺:36字	
changjiang	长江学者奖励计划	获奖/比赛/人物	获奖/比赛/人物:;正文残缺:19字	
chargeflow	ChargeFlow.Pro	正文残缺	正文残缺:23字	
chartvio	Chartvio	正文残缺	正文残缺:34字	
chat-whisperer	Chat whisperer	正文残缺	正文残缺:39字	
chatbackup-for-whatsapp	ChatBackup for WhatsApp	正文残缺	正文残缺:34字	
cheatmate	CheatMate	正文残缺	正文残缺:32字	
checkform-gymnastics	CheckForm Gymnastics	正文残缺	正文残缺:34字	
chefgpt	ChefGPT	正文残缺	正文残缺:34字	
chem-eng	全国大学生化工设计竞赛	大厂/主流	大厂/主流:;获奖/比赛/人物:	
china-chip	中国芯集成电路设计大赛	获奖/比赛/人物	获奖/比赛/人物:;正文残缺:28字	
chiptune	CHIPTUNE	正文残缺	正文残缺:29字	
chuangkit	创客贴	大厂/主流	大厂/主流:;获奖/比赛/人物:	
chuangqingchun	创青春大赛	大厂/主流	大厂/主流:;获奖/比赛/人物:;正文残缺:34字	
chuangxin	中国研究生创芯大赛	大厂/主流	大厂/主流:;获奖/比赛/人物:	
chunks-microlearning	Chunks Microlearning	正文残缺	正文残缺:39字	
churchcalls-ai	ChurchCalls.ai	正文残缺	正文残缺:36字	
ciepe	中国研究生电子设计竞赛	大厂/主流	大厂/主流:;获奖/比赛/人物:;正文残缺:32字	
ciscn	全国大学生信息安全竞赛	大厂/主流	大厂/主流:;获奖/比赛/人物:;正文残缺:36字	
cisco-webex	Cisco Webex Extension	缺必填字段	缺必填字段:可迁移点;正文残缺:31字	
civil-dialog	Civil Dialog	获奖/比赛/人物	获奖/比赛/人物:	媒体/社区/商店
clawhost	ClawHost	正文残缺	正文残缺:33字	
claws-host	Claws.host	正文残缺	正文残缺:30字	
cleabby	Cleabby	正文残缺	正文残缺:24字	
cleanclip-pro	CleanClip Pro	正文残缺	正文残缺:36字	
cleaner	Cleaner	正文残缺	正文残缺:37字	
clearurls	ClearURLs	缺必填字段	缺必填字段:可迁移点	
clickbait-inc	Clickbait INC	正文残缺	正文残缺:35字	
clipsfast	ClipsFast	正文残缺	正文残缺:36字	
cn-patent	中国专利奖	大厂/主流	大厂/主流:;获奖/比赛/人物:;正文残缺:23字	
cnu-mooc	中国大学MOOC	正文残缺	正文残缺:21字	
coaching-marketing-kit-llc	Coaching Marketing Kit LLC	重复案例	重复案例:与 coaching-marketing-kit-llc-1 同名	
codedex	Codédex	正文残缺	正文残缺:34字	
color-card	色卡	缺必填字段	缺必填字段:可迁移点;正文残缺:36字	
colorzilla	ColorZilla	正文残缺	正文残缺:33字	
compass-app	指南针	缺必填字段	缺必填字段:可迁移点;正文残缺:30字	
coprep-ai	CoPrep AI	正文残缺	正文残缺:38字	
copykitten	CopyKitten	正文残缺	正文残缺:36字	
coral	Coral	正文残缺	正文残缺:32字	
coralflavor	Coralflavor	正文残缺	正文残缺:29字	
cosden-code	Cosden Code	正文残缺	正文残缺:38字	
coupert	Coupert	缺必填字段	缺必填字段:可迁移点;正文残缺:31字	
covai	Covai Cars	重复案例	重复案例:与 covai-cars 同名	
crad	中国机器人大赛	大厂/主流	大厂/主流:;获奖/比赛/人物:;正文残缺:17字	
craic	中国机器人及人工智能大赛	获奖/比赛/人物	获奖/比赛/人物:	
crooked-tankard	The Crooked Tankard	缺必填字段	缺必填字段:可迁移点;获奖/比赛/人物:;无收入/纯捐赠:;正文残缺:0字	
csdn	CSDN开发者大赛	大厂/主流	大厂/主流:;获奖/比赛/人物:;正文残缺:37字	媒体/社区/商店
ctrip-algo	携程算法大赛	大厂/主流	大厂/主流:;获奖/比赛/人物:;正文残缺:36字	媒体/社区/商店
cumcm	全国大学生数学建模竞赛	大厂/主流	大厂/主流:;获奖/比赛/人物:	
cvr	中国虚拟现实大赛CVR	获奖/比赛/人物	获奖/比赛/人物:;正文残缺:26字	
cxcyds	中国创新创业大赛	大厂/主流	大厂/主流:;获奖/比赛/人物:;正文残缺:18字	
cylc	中国青年创业大赛	获奖/比赛/人物	获奖/比赛/人物:;正文残缺:30字	
d2-helper	D2助手（暗黑破坏神2重制版）	缺必填字段	缺必填字段:可迁移点	
dandu	单读	正文残缺	正文残缺:29字	媒体/社区/商店
dangdang	当当云阅读	大厂/主流	大厂/主流:;正文残缺:37字	
danjuan	蛋卷基金	大厂/主流	大厂/主流:;获奖/比赛/人物:;正文残缺:32字	
dazhihui	大智慧	大厂/主流	大厂/主流:;正文残缺:27字	
dedao	得到	大厂/主流	大厂/主流:;正文残缺:28字	
dejian-xiaoshuo	得间小说	大厂/主流	大厂/主流:;正文残缺:27字	
dfrobot	DFRobot	正文残缺	正文残缺:21字	
dia	中国设计智造大奖DIA	大厂/主流	大厂/主流:;获奖/比赛/人物:;正文残缺:17字	
dianzisheji	全国大学生电子设计竞赛	大厂/主流	大厂/主流:;获奖/比赛/人物:;正文残缺:20字	
dida	滴答清单	正文残缺	正文残缺:33字	
didi-gaia	滴滴盖亚大赛	大厂/主流	大厂/主流:;获奖/比赛/人物:;正文残缺:21字	
dji-robomaster	大疆 RoboMaster	正文残缺	正文残缺:19字	
docagram	Docagram	缺必填字段	缺必填字段:可迁移点;获奖/比赛/人物:;无收入/纯捐赠:;正文残缺:0字	
dongchedi	懂车帝	大厂/主流	大厂/主流:;噪声词/疑似报道:;正文残缺:33字	媒体/社区/商店
dongfang	东方财富	大厂/主流	大厂/主流:	
douban-yuedu	豆瓣阅读	大厂/主流	大厂/主流:;正文残缺:25字	
douban	豆瓣	大厂/主流	大厂/主流:	媒体/社区/商店
douyin-open	抖音开放平台大赛	大厂/主流	大厂/主流:;获奖/比赛/人物:	
douyin	抖音	大厂/主流	大厂/主流:;正文残缺:30字	媒体/社区/商店
downthemall	DownThemAll!	缺必填字段	缺必填字段:可迁移点	
drawio-diagrams	draw.io	正文残缺	正文残缺:26字	
duckduckgo-extension	DuckDuckGo（搜索与隐私保护扩展）	缺必填字段	缺必填字段:可迁移点	
duxiaoman	度小满	大厂/主流	大厂/主流:;正文残缺:28字	
earthquake-app	地震云播报	缺必填字段	缺必填字段:可迁移点	
easy-screenshot	Easy Screenshot	缺必填字段	缺必填字段:可迁移点,原文链接;缺原文链接:;正文残缺:25字	
easy-youtube-downloader	Easy Youtube Video Downloader Express	缺必填字段	缺必填字段:可迁移点;正文残缺:36字	
ecosia	Ecosia	缺必填字段	缺必填字段:可迁移点	
elm	饿了么	大厂/主流	大厂/主流:;正文残缺:15字	
embedded-chip	全国大学生嵌入式芯片与系统设计竞赛	大厂/主流	大厂/主流:;获奖/比赛/人物:;正文残缺:23字	
energy-save	全国大学生节能减排竞赛	大厂/主流	大厂/主流:;获奖/比赛/人物:;正文残缺:33字	
erweima	二维码生成器	正文残缺	正文残缺:36字	
esp32-cn	ESP32国产模组生态	正文残缺	正文残缺:36字	
espressif	乐鑫科技 Espressif	正文残缺	正文残缺:27字	
facebook-container	Facebook Container	缺必填字段	缺必填字段:可迁移点	
faceu	Faceu激萌	大厂/主流	大厂/主流:;正文残缺:19字	
fandeng-yuedu	樊登读书	大厂/主流	大厂/主流:	
fandeng	樊登	大厂/主流	大厂/主流:;正文残缺:28字	
fanqie-changting	番茄畅听	大厂/主流	大厂/主流:	
fanqie-xiaoshuo	番茄小说	大厂/主流	大厂/主流:	媒体/社区/商店
fe-file-explorer	FE文件管理器	缺必填字段	缺必填字段:可迁移点	
fehelper	FE助手	正文残缺	正文残缺:37字	
feichangzhun-pro	飞常准PRO	缺必填字段	缺必填字段:可迁移点;大厂/主流:;正文残缺:28字	
feishu-doc	飞书文档插件	大厂/主流	大厂/主流:;正文残缺:34字	
fire-tech-apps-llc	Fire Tech Apps LLC	正文残缺	正文残缺:29字	
firefox-relay	Firefox Relay	缺必填字段	缺必填字段:可迁移点	
fireshot	FireShot	缺必填字段	缺必填字段:可迁移点	
fitnessgpt	FitnessGPT	正文残缺	正文残缺:31字	
focus-noodles	专注面条	缺必填字段	缺必填字段:可迁移点	
foxyproxy	FoxyProxy	缺必填字段	缺必填字段:可迁移点	
fpga-contest	全国大学生FPGA创新设计竞赛	大厂/主流	大厂/主流:;获奖/比赛/人物:;正文残缺:30字	
futu	富途牛牛	大厂/主流	大厂/主流:;正文残缺:23字	
future-prize	未来科学大奖	大厂/主流	大厂/主流:;获奖/比赛/人物:;正文残缺:36字	
gangqin	钢琴	正文残缺	正文残缺:32字	
gaoding	稿定设计	大厂/主流	大厂/主流:;正文残缺:33字	媒体/社区/商店
gaoxiao-jsj	中国高校计算机大赛	获奖/比赛/人物	获奖/比赛/人物:;正文残缺:28字	
geektime	极客时间技术大赛	获奖/比赛/人物	获奖/比赛/人物:;正文残缺:24字	媒体/社区/商店
gigadevice	兆易创新 GigaDevice	正文残缺	正文残缺:37字	
gitcode	GitCode开源大赛	获奖/比赛/人物	获奖/比赛/人物:	媒体/社区/商店
gitee	Gitee开源大赛	获奖/比赛/人物	获奖/比赛/人物:;正文残缺:24字	媒体/社区/商店
gofullpage	GoFullPage	正文残缺	正文残缺:28字	
goldenpin	台湾金点设计奖	大厂/主流	大厂/主流:;获奖/比赛/人物:;正文残缺:12字	
good-design-cn	中国好设计奖	大厂/主流	大厂/主流:;获奖/比赛/人物:;正文残缺:19字	
gouwudang	购物党	正文残缺	正文残缺:36字	
gps-altimeter	GPS海拔表	缺必填字段	缺必填字段:可迁移点;正文残缺:34字	
grammarly-ext	Grammarly	正文残缺	正文残缺:34字	
grammarly	Grammarly	重复案例	重复案例:与 grammarly-ext 同名;缺必填字段:可迁移点	
granola	Granola	噪声词/疑似报道	噪声词/疑似报道:估值,独角兽	
guanghua	光华龙腾奖	大厂/主流	大厂/主流:;获奖/比赛/人物:;正文残缺:19字	
gudong	咕咚	大厂/主流	大厂/主流:	
gugong-zhanlan	故宫展览	正文残缺	正文残缺:34字	
hanglv	航旅纵横	大厂/主流	大厂/主流:;正文残缺:28字	
hanwang	汉王	正文残缺	正文残缺:21字	
haokan	好看视频	大厂/主流	大厂/主流:;噪声词/疑似报道:;正文残缺:26字	媒体/社区/商店
harmonyos-dev	鸿蒙开发者大赛	大厂/主流	大厂/主流:;获奖/比赛/人物:;正文残缺:19字	
helzhou	合宙 Air780	正文残缺	正文残缺:26字	
hexiexianghe	老师好我叫何同学	正文残缺	正文残缺:13字	
hlw-plus	互联网+大赛	大厂/主流	大厂/主流:;获奖/比赛/人物:	
honor-magicos	荣耀MagicOS大赛	大厂/主流	大厂/主流:;获奖/比赛/人物:	
horizon	地平线 Horizon	正文残缺	正文残缺:20字	
huaci-fanyi	划词翻译	正文残缺	正文残缺:25字	
huanong	华农兄弟	正文残缺	正文残缺:29字	
huapi-app	花皮	缺必填字段	缺必填字段:可迁移点	媒体/社区/商店
huawei-codecraft	华为软件精英挑战赛	大厂/主流	大厂/主流:;获奖/比赛/人物:;正文残缺:36字	
huawei-cup-mcm	华为杯研究生数学建模	大厂/主流	大厂/主流:;获奖/比赛/人物:	
huawei-dev	华为开发者大赛	大厂/主流	大厂/主流:;获奖/比赛/人物:	
huawei-ict	华为ICT大赛	大厂/主流	大厂/主流:;获奖/比赛/人物:;正文残缺:35字	
huawei-iot	华为IoT大赛	大厂/主流	大厂/主流:;获奖/比赛/人物:;正文残缺:32字	
huisheng-huiying	汇声绘影	缺必填字段	缺必填字段:可迁移点	
human-anatomy-atlas	人体解剖学图谱	缺必填字段	缺必填字段:可迁移点;正文残缺:39字	
hunzhi	混知	正文残缺	正文残缺:20字	
huxiu	虎嗅	大厂/主流	大厂/主流:;正文残缺:27字	媒体/社区/商店
ican	iCAN 创新创业大赛	获奖/比赛/人物	获奖/比赛/人物:;正文残缺:37字	
icisc	全国大学生集成电路创新创业大赛	大厂/主流	大厂/主流:;获奖/比赛/人物:;正文残缺:36字	
icloud-passwords	iCloud Passwords	缺必填字段	缺必填字段:可迁移点,原文链接;缺原文链接:	
id-photo	智能证件照	正文残缺	正文残缺:30字	
idm-integration	IDM Integration Module	缺必填字段	缺必填字段:可迁移点	
ieee-fellow-cn	IEEE Fellow中国学者	大厂/主流	大厂/主流:;获奖/比赛/人物:	
if-design	iF设计奖	大厂/主流	大厂/主流:;获奖/比赛/人物:;正文残缺:12字	
iflytek-contest	科大讯飞AI大赛	大厂/主流	大厂/主流:;获奖/比赛/人物:	
image-downloader	Image Downloader	正文残缺	正文残缺:36字	
incredibox	Incredibox	缺必填字段	缺必填字段:可迁移点	
industrial-app	中国工业APP大赛	获奖/比赛/人物	获奖/比赛/人物:;正文残缺:17字	
industrial-internet	中国工业互联网大赛	获奖/比赛/人物	获奖/比赛/人物:;正文残缺:33字	
industry-grand	中国工业大奖	获奖/比赛/人物	获奖/比赛/人物:;正文残缺:13字	
infinity-newtab	Infinity新标签页	正文残缺	正文残缺:28字	
infoq	InfoQ技术大会挑战赛	获奖/比赛/人物	获奖/比赛/人物:;正文残缺:26字	媒体/社区/商店
inoreader	Inoreader	正文残缺	正文残缺:29字	
insightify	Insightify	缺必填字段	缺必填字段:可迁移点;获奖/比赛/人物:;无收入/纯捐赠:;正文残缺:0字	
invent-award	国家技术发明奖	大厂/主流	大厂/主流:;获奖/比赛/人物:;正文残缺:25字	
jd-explore	京东探索者大赛	大厂/主流	大厂/主流:;获奖/比赛/人物:;正文残缺:36字	
jd-finance	京东金融	大厂/主流	大厂/主流:;正文残缺:28字	
jd-logistics	京东物流技术大赛	大厂/主流	大厂/主流:;获奖/比赛/人物:;正文残缺:17字	
jd-yuedu	京东读书	大厂/主流	大厂/主流:;正文残缺:31字	
jd	京东	大厂/主流	大厂/主流:;正文残缺:38字	
jianying	剪映	大厂/主流	大厂/主流:	
jijian-chajian	极简插件	正文残缺	正文残缺:32字	媒体/社区/商店
jike-park	极客公园	大厂/主流	大厂/主流:	媒体/社区/商店
jinshan-ciba	金山词霸	大厂/主流	大厂/主流:;正文残缺:37字	
jinshan-doc	金山文档	大厂/主流	大厂/主流:;正文残缺:39字	
jitutuceng	截图插件	正文残缺	正文残缺:30字	
jizhang-chengshi	记账城市	正文残缺	正文残缺:27字	
jjwxc	晋江文学城	大厂/主流	大厂/主流:;正文残缺:28字	
judu	句读	正文残缺	正文残缺:28字	
juejin	掘金开发者大赛	大厂/主流	大厂/主流:;获奖/比赛/人物:;正文残缺:36字	媒体/社区/商店
kaggle	Kaggle 竞赛	获奖/比赛/人物	获奖/比赛/人物:;正文残缺:22字	
kaniu	卡牛	正文残缺	正文残缺:19字	
kaspersky-protection	Kaspersky Protection	缺必填字段	缺必填字段:可迁移点;正文残缺:34字	
kechuangzhongguo	科创中国创新创业大赛	大厂/主流	大厂/主流:;获奖/比赛/人物:;正文残缺:19字	
keep	Keep	大厂/主流	大厂/主流:;正文残缺:36字	
keepa	Keepa（亚马逊价格追踪）	大厂/主流	大厂/主流:	
kingdom-rush-frontiers	Kingdom Rush Frontiers	缺必填字段	缺必填字段:可迁移点	
kingsoft-wps	WPS办公软件大赛	大厂/主流	大厂/主流:;获奖/比赛/人物:;正文残缺:38字	
koudai-jizhang	口袋记账	正文残缺	正文残缺:36字	
kuaishou-algo	快手算法大赛	大厂/主流	大厂/主流:;获奖/比赛/人物:;正文残缺:34字	媒体/社区/商店
kuaishou	快手	大厂/主流	大厂/主流:	
kuaiying	快影	大厂/主流	大厂/主流:;正文残缺:34字	
kuan	酷安	大厂/主流	大厂/主流:	媒体/社区/商店
kugou	酷狗音乐	大厂/主流	大厂/主流:	媒体/社区/商店
kunpeng	华为鲲鹏应用创新大赛	大厂/主流	大厂/主流:;获奖/比赛/人物:;正文残缺:29字	
kuwo	酷我音乐	大厂/主流	大厂/主流:;正文残缺:24字	媒体/社区/商店
language-reactor	Language Reactor	正文残缺	正文残缺:29字	
lanqiao	蓝桥杯大赛	大厂/主流	大厂/主流:;获奖/比赛/人物:	
lanren-tingshu	懒人听书	大厂/主流	大厂/主流:;正文残缺:36字	
laohu	老虎证券	大厂/主流	大厂/主流:;正文残缺:37字	
lastpass-ext	LastPass	正文残缺	正文残缺:28字	
leijun	雷军	正文残缺	正文残缺:31字	
liangsicheng	梁思成建筑奖	大厂/主流	大厂/主流:;获奖/比赛/人物:;正文残缺:36字	
lianjia	链家	大厂/主流	大厂/主流:;正文残缺:33字	
litchi	荔枝	大厂/主流	大厂/主流:;正文残缺:27字	媒体/社区/商店
liulishuo	流利说	大厂/主流	大厂/主流:;正文残缺:39字	
live-thermometer	实时温度计	缺必填字段	缺必填字段:可迁移点;正文残缺:24字	
lizhiqi	李子柒	正文残缺	正文残缺:26字	
loclike-app	Loclike	缺必填字段	缺必填字段:可迁移点;正文残缺:34字	
luoxiang	罗翔说刑法	正文残缺	正文残缺:13字	
luoyonghao	罗永浩	正文残缺	正文残缺:13字	
luozhenyu	罗振宇	正文残缺	正文残缺:39字	
lyzr	Lyzr	噪声词/疑似报道	噪声词/疑似报道:融资,估值	
malwarebytes-guard	Malwarebytes Browser Guard	缺必填字段	缺必填字段:可迁移点	
manhua-reader	漫画人极速版	缺必填字段	缺必填字段:可迁移点;正文残缺:26字	
manmanmai	慢慢买	正文残缺	正文残缺:33字	
manmen	慢门	正文残缺	正文残缺:33字	
maoer	猫耳FM	大厂/主流	大厂/主流:;正文残缺:31字	
maozhua	猫抓	正文残缺	正文残缺:21字	媒体/社区/商店
marlin-phishing	Marlin（反钓鱼检测）	获奖/比赛/人物	获奖/比赛/人物:	
mcm-icm	美国大学生数学建模竞赛	大厂/主流	大厂/主流:;获奖/比赛/人物:	
mech-innov	全国大学生机械创新设计大赛	大厂/主流	大厂/主流:;获奖/比赛/人物:;正文残缺:19字	
megvii-contest	旷视算法大赛	获奖/比赛/人物	获奖/比赛/人物:;正文残缺:32字	
meiri-yujia	每日瑜伽	大厂/主流	大厂/主流:	媒体/社区/商店
meitu	美图秀秀	大厂/主流	大厂/主流:	
meituan-ai	美团AI大赛	大厂/主流	大厂/主流:;获奖/比赛/人物:;正文残缺:39字	
meituan-algo	美团算法大赛	大厂/主流	大厂/主流:;获奖/比赛/人物:;正文残缺:11字	
meiyan	美颜相机	大厂/主流	大厂/主流:;正文残缺:23字	
mercor	Mercor	噪声词/疑似报道	噪声词/疑似报道:融资,估值	
metamask	MetaMask	缺必填字段	缺必填字段:可迁移点	
miaojian	秒剪	大厂/主流	大厂/主流:;正文残缺:34字	
midu	米读	大厂/主流	大厂/主流:;正文残缺:27字	
mingpian	名片全能王	大厂/主流	大厂/主流:;正文残缺:32字	
mini-metro	模拟地铁	缺必填字段	缺必填字段:可迁移点	
mobile-internet	全国移动互联创新大赛	获奖/比赛/人物	获奖/比赛/人物:;正文残缺:19字	
mochi-readability	Mochi（网页无障碍阅读插件）	获奖/比赛/人物	获奖/比赛/人物:	
mojitianqi	墨迹天气	大厂/主流	大厂/主流:	
mosquito-repeller	蚊子管家 - 无辐射声波防蚊驱蚊	缺必填字段	缺必填字段:可迁移点	
mosquito-repeller2	驱蚊器 - 超声波电蚊香	缺必填字段	缺必填字段:可迁移点;正文残缺:35字	
mubu	幕布	正文残缺	正文残缺:25字	
multi-account-containers	Firefox Multi-Account Containers	缺必填字段	缺必填字段:可迁移点	
naigua-app	奶蛙	缺必填字段	缺必填字段:可迁移点	
natural-award	国家自然科学奖	大厂/主流	大厂/主流:;获奖/比赛/人物:;正文残缺:38字	
netease-fuxi	网易伏羲AI大赛	大厂/主流	大厂/主流:;获奖/比赛/人物:	
netease-music-ext	网易云音乐插件	大厂/主流	大厂/主流:;正文残缺:37字	
netease-music	网易云音乐	大厂/主流	大厂/主流:;正文残缺:39字	媒体/社区/商店
neuthera	NeuThera（药物发现工具包）	获奖/比赛/人物	获奖/比赛/人物:	
norton-safe-web	Norton Safe Web	缺必填字段	缺必填字段:可迁移点	
noscript	NoScript	缺必填字段	缺必填字段:可迁移点	
notion-ext	Notion Web Clipper	正文残缺	正文残缺:33字	
nsfc-key	国家优秀青年科学基金	大厂/主流	大厂/主流:;获奖/比赛/人物:;正文残缺:25字	
nsfc-outstanding	国家杰出青年科学基金	大厂/主流	大厂/主流:;获奖/比赛/人物:	
onepassword	1Password	缺必填字段	缺必填字段:可迁移点	
onetab	OneTab	正文残缺	正文残缺:30字	
opale	Opale（AI 提示词复用扩展）	获奖/比赛/人物	获奖/比赛/人物:	
open-source-cn	中国开源创新大赛	获奖/比赛/人物	获奖/比赛/人物:;正文残缺:14字	媒体/社区/商店
oppo-coloros	OPPO ColorOS大赛	大厂/主流	大厂/主流:;获奖/比赛/人物:;正文残缺:27字	
orma	Orma	缺必填字段	缺必填字段:可迁移点;获奖/比赛/人物:;无收入/纯捐赠:;正文残缺:0字	
overseas-talent	中国海外人才创新创业大赛	获奖/比赛/人物	获奖/比赛/人物:;正文残缺:33字	
oxylabs	Oxylabs	噪声词/疑似报道	噪声词/疑似报道:融资,估值	
pdd-algo	拼多多算法大赛	大厂/主流	大厂/主流:;获奖/比赛/人物:	媒体/社区/商店
phys-exp	全国大学生物理实验竞赛	大厂/主流	大厂/主流:;获奖/比赛/人物:;正文残缺:20字	
pinduoduo	拼多多	大厂/主流	大厂/主流:	媒体/社区/商店
pingan-bank	平安口袋银行	大厂/主流	大厂/主流:	
pintu	拼图	正文残缺	正文残缺:29字	
pointfive	PointFive	噪声词/疑似报道	噪声词/疑似报道:融资,估值	
privacy-badger	Privacy Badger	缺必填字段	缺必填字段:可迁移点	
processon	ProcessOn	大厂/主流	大厂/主流:	
progress-award	国家科技进步奖	大厂/主流	大厂/主流:;获奖/比赛/人物:;正文残缺:24字	
proton-pass	Proton Pass	缺必填字段	缺必填字段:可迁移点	
qidian	起点读书	大厂/主流	大厂/主流:;正文残缺:31字	
qiemo	且慢	大厂/主流	大厂/主流:;正文残缺:18字	
qihoo-360-ctf	360安全大赛	大厂/主流	大厂/主流:;获奖/比赛/人物:;正文残缺:26字	
qimao-xiaoshuo	七猫小说	大厂/主流	大厂/主流:	
qingcheng	达摩院青橙奖	大厂/主流	大厂/主流:;获奖/比赛/人物:;正文残缺:28字	
qingting	蜻蜓FM	大厂/主流	大厂/主流:;正文残缺:36字	
qingyan	轻颜相机	大厂/主流	大厂/主流:;正文残缺:32字	
qishui-yinyue	汽水音乐	大厂/主流	大厂/主流:	媒体/社区/商店
qishuier	汽水儿	大厂/主流	大厂/主流:	
qiushi	求是杰出科学家奖	大厂/主流	大厂/主流:;获奖/比赛/人物:;正文残缺:14字	
qq-browser	QQ浏览器	大厂/主流	大厂/主流:;正文残缺:25字	
qq-music	QQ音乐	大厂/主流	大厂/主流:;正文残缺:29字	媒体/社区/商店
qq-yuedu	QQ阅读	正文残缺	正文残缺:28字	
quality-award	中国质量奖	大厂/主流	大厂/主流:;获奖/比赛/人物:;正文残缺:13字	
qunxiang	群响	正文残缺	正文残缺:26字	
read-aloud	Read Aloud	缺必填字段	缺必填字段:可迁移点,原文链接;缺原文链接:	
reader-view	Reader View	正文残缺	正文残缺:37字	
reddit-enhancement-suite	Reddit Enhancement Suite (RES)	缺必填字段	缺必填字段:可迁移点	媒体/社区/商店
reddot	红点设计奖	大厂/主流	大厂/主流:;获奖/比赛/人物:;正文残缺:12字	
redstar	中国创新设计红星奖	大厂/主流	大厂/主流:;获奖/比赛/人物:;正文残缺:11字	
renren-pm	人人都是产品经理	大厂/主流	大厂/主流:;正文残缺:25字	媒体/社区/商店
return-youtube-dislike	Return YouTube Dislike	无收入/纯捐赠	无收入/纯捐赠:	
robocom	RoboCom 世界机器人开发者大赛	大厂/主流	大厂/主流:;获奖/比赛/人物:;正文残缺:18字	
robocon-cn	全国大学生机器人大赛RoboCon	大厂/主流	大厂/主流:;获奖/比赛/人物:	
robot-work	中国工程机器人大赛	获奖/比赛/人物	获奖/比赛/人物:;正文残缺:19字	
rockchip	瑞芯微 Rockchip	正文残缺	正文残缺:26字	
sacred-fire-badge	圣火徽章外传	缺必填字段	缺必填字段:可迁移点;正文残缺:27字	
saladict	沙拉查词	正文残缺	正文残缺:32字	媒体/社区/商店
salient	Salient	噪声词/疑似报道	噪声词/疑似报道:融资,估值	
saolei	扫雷	正文残缺	正文残缺:29字	
saomiao-bao	扫描宝	大厂/主流	大厂/主流:;正文残缺:28字	
savefrom-helper	SaveFrom.net helper	缺必填字段	缺必填字段:可迁移点	
search-by-image	Search by Image	缺必填字段	缺必填字段:可迁移点	
search-switcher	Search Preview	正文残缺	正文残缺:30字	
seeed	矽递 Seeed Studio	正文残缺	正文残缺:21字	
sensetime-contest	商汤AI大赛	大厂/主流	大厂/主流:;获奖/比赛/人物:	
shaoshupai	少数派	大厂/主流	大厂/主流:	媒体/社区/商店
shark-ledger-pro	鲨鱼记账Pro	缺必填字段	缺必填字段:可迁移点	
shaw	邵逸夫奖	大厂/主流	大厂/主流:;获奖/比赛/人物:;正文残缺:32字	
shenchuang	深圳创新创业大赛	获奖/比赛/人物	获奖/比赛/人物:;正文残缺:31字	
shengcaiyoushu	生财有术	正文残缺	正文残缺:32字	
shipin-xiazai	视频下载助手	正文残缺	正文残缺:37字	
shougong-geng	手工耿	正文残缺	正文残缺:17字	
shudu	数独	正文残缺	正文残缺:18字	
shuzhiqiche	全国大学生智能汽车竞赛	大厂/主流	大厂/主流:;获奖/比赛/人物:;正文残缺:21字	
siemens-cup	西门子杯中国智能制造挑战赛	获奖/比赛/人物	获奖/比赛/人物:;正文残缺:21字	
simple-translate	Simple Translate	缺必填字段	缺必填字段:可迁移点	
simpread	简悦 SimpRead	正文残缺	正文残缺:29字	
sipeed	矽速Sipeed开发板	正文残缺	正文残缺:34字	
sleeptown	SleepTown 睡眠小镇	缺必填字段	缺必填字段:可迁移点	
smart-city	中国智慧城市大赛	获奖/比赛/人物	获奖/比赛/人物:;正文残缺:34字	
smzdm-ext	什么值得买	正文残缺	正文残缺:28字	媒体/社区/商店
snapdragon-translator	Snapdragon AI：Multilingual Translator	获奖/比赛/人物	获奖/比赛/人物:	
soda	上海开放数据创新应用大赛SODA	获奖/比赛/人物	获奖/比赛/人物:;正文残缺:32字	
softcup	中国软件杯	正文残缺	正文残缺:33字	
sogou-algo	搜狗算法大赛	大厂/主流	大厂/主流:;获奖/比赛/人物:;正文残缺:37字	
sougou-input	搜狗输入法	大厂/主流	大厂/主流:;正文残缺:31字	
standard-award	中国标准创新贡献奖	获奖/比赛/人物	获奖/比赛/人物:;正文残缺:34字	
star-walk2-pro	Star Walk 2 Pro	缺必填字段	缺必填字段:可迁移点	
startpage-extension	Startpage	缺必填字段	缺必填字段:可迁移点	
state-top	国家最高科学技术奖	获奖/比赛/人物	获奖/比赛/人物:;正文残缺:13字	
struct-design	全国大学生结构设计竞赛	大厂/主流	大厂/主流:;获奖/比赛/人物:	
study-abroad	中国留学人员创业大赛	获奖/比赛/人物	获奖/比赛/人物:;正文残缺:31字	
stylus-ext	Stylus	正文残缺	正文残缺:25字	
sync-music-game	同步音律	缺必填字段	缺必填字段:可迁移点;正文残缺:34字	
sz-cup	深圳杯数学建模	大厂/主流	大厂/主流:;获奖/比赛/人物:;正文残缺:25字	
ta-chat	TA - 一对一聊天	缺必填字段	缺必填字段:可迁移点;正文残缺:18字	媒体/社区/商店
tab-manager-plus	Tab Manager Plus	正文残缺	正文残缺:28字	
tadu	塔读文学	大厂/主流	大厂/主流:;正文残缺:33字	
tanchishe	贪吃蛇	正文残缺	正文残缺:24字	
taobao	淘宝	大厂/主流	大厂/主流:;正文残缺:24字	
tctf	腾讯TCTF网络安全大赛	获奖/比赛/人物	获奖/比赛/人物:;正文残缺:31字	
tencent-cloud-dev	腾讯云开发者大赛	获奖/比赛/人物	获奖/比赛/人物:;正文残缺:34字	
tencent-kaiwu	腾讯开悟AI大赛	获奖/比赛/人物	获奖/比赛/人物:	
tencent-light	腾讯Light公益创新挑战赛	获奖/比赛/人物	获奖/比赛/人物:	
tencent-wnc	腾讯微信小程序大赛	大厂/主流	大厂/主流:;获奖/比赛/人物:;正文残缺:31字	
things3	Things 3	缺必填字段	缺必填字段:可迁移点;正文残缺:37字	
thousand-talent	国家海外高层次人才引进计划	大厂/主流	大厂/主流:;获奖/比赛/人物:;正文残缺:36字	
tiantian-jijin	天天基金	大厂/主流	大厂/主流:;获奖/比赛/人物:;正文残缺:24字	
tiantian-p	天天P图	大厂/主流	大厂/主流:;正文残缺:21字	
tiaozhanbei	挑战杯	大厂/主流	大厂/主流:;正文残缺:15字	
time-block	时间块	重复案例	重复案例:与 shijiankuai 同名	
to-google-translate	To Google Translate	缺必填字段	缺必填字段:可迁移点	
todoist-ext	Todoist	正文残缺	正文残缺:37字	
tongli	同花顺	大厂/主流	大厂/主流:;正文残缺:30字	
translator-ext	Google 翻译	正文残缺	正文残缺:27字	
tuhu	途虎养车	正文残缺	正文残缺:23字	
tupian-zhushou	图片助手	正文残缺	正文残缺:30字	
turing	图灵奖	获奖/比赛/人物	获奖/比赛/人物:;正文残缺:20字	
twp-translate	TWP（网页翻译）	缺必填字段	缺必填字段:可迁移点,原文链接;缺原文链接:;正文残缺:33字	
tx-ad-algo	腾讯广告算法大赛	大厂/主流	大厂/主流:;获奖/比赛/人物:;正文残缺:38字	
tx-mini	腾讯小程序开发大赛	大厂/主流	大厂/主流:;获奖/比赛/人物:;正文残缺:25字	
underground-castle2	地下城堡2：黑暗觉醒	缺必填字段	缺必填字段:可迁移点	
unitree	宇树科技 Unitree	正文残缺	正文残缺:16字	
universal-nav	全能导航	缺必填字段	缺必填字段:可迁移点;正文残缺:29字	
universal-remote	万能遥控器	缺必填字段	缺必填字段:可迁移点;正文残缺:38字	
urc-cn	国际水中机器人大会URC	获奖/比赛/人物	获奖/比赛/人物:	
vex-cn	VEX 中国	正文残缺	正文残缺:35字	
video-bg-play	Video Background Play Fix	缺必填字段	缺必填字段:可迁移点	
video-downloadhelper	Video DownloadHelper	正文残缺	正文残缺:24字	
vivo-originos	vivo OriginOS大赛	大厂/主流	大厂/主流:;获奖/比赛/人物:	
waic	世界人工智能大会 WAIC	大厂/主流	大厂/主流:;获奖/比赛/人物:;正文残缺:37字	
wandoujia	豌豆荚	大厂/主流	大厂/主流:;正文残缺:37字	媒体/社区/商店
wanggang	美食作家王刚	正文残缺	正文残缺:18字	
wangyi-gkk	网易公开课	大厂/主流	大厂/主流:;正文残缺:30字	媒体/社区/商店
wangyi-woniu	网易蜗牛读书	大厂/主流	大厂/主流:;正文残缺:37字	
wangyi-yuedu	网易云阅读	大厂/主流	大厂/主流:;正文残缺:35字	
wanneng-mingling	万能命令	正文残缺	正文残缺:31字	
wannianli	中华万年历	正文残缺	正文残缺:38字	
warm-snow-mobile	暖雪（手游版）	缺必填字段	缺必填字段:可迁移点	
watch-game-box	游戏盒子（手表游戏）	缺必填字段	缺必填字段:可迁移点	
waveshare	微雪 Waveshare	正文残缺	正文残缺:24字	
weibo	微博	大厂/主流	大厂/主流:;正文残缺:25字	媒体/社区/商店
weiche-app	微车-查违章	缺必填字段	缺必填字段:可迁移点	
weiguang	微光	正文残缺	正文残缺:31字	媒体/社区/商店
weishi	微视	大厂/主流	大厂/主流:;正文残缺:25字	
weixin-mini	微信小程序开发赛	大厂/主流	大厂/主流:;正文残缺:22字	
weixin-tingshu	微信听书	大厂/主流	大厂/主流:;正文残缺:38字	
weixin-yuedu	微信读书	大厂/主流	大厂/主流:;正文残缺:36字	
weixin	微信	大厂/主流	大厂/主流:;正文残缺:32字	媒体/社区/商店
weiyi	微医	正文残缺	正文残缺:27字	
weizhong-bank	微众银行	大厂/主流	大厂/主流:	
wenming-baike	文明百科	缺必填字段	缺必填字段:可迁移点	
wifi-guardian	无线卫士	缺必填字段	缺必填字段:可迁移点;正文残缺:37字	
wikiart	WikiArt	缺必填字段	缺必填字段:可迁移点;正文残缺:39字	
wikiwand	Wikiwand	正文残缺	正文残缺:32字	
woman-venture	中国妇女创业创新大赛	获奖/比赛/人物	获奖/比赛/人物:;正文残缺:38字	
world-fog	世界迷雾	缺必填字段	缺必填字段:可迁移点	
wps	WPS Office	大厂/主流	大厂/主流:;正文残缺:26字	
wrc	世界机器人大赛	大厂/主流	大厂/主流:;获奖/比赛/人物:;正文残缺:14字	
wuta	无他相机	大厂/主流	大厂/主流:	
wuwenjun	吴文俊人工智能科学技术奖	大厂/主流	大厂/主流:;获奖/比赛/人物:;正文残缺:37字	
wuziqi	五子棋	正文残缺	正文残缺:25字	
xctf	XCTF全国网络安全技术大赛	获奖/比赛/人物	获奖/比赛/人物:;正文残缺:30字	
xiangrikui	向日葵远程控制	正文残缺	正文残缺:38字	
xianyu	闲鱼	正文残缺	正文残缺:22字	
xiaohongshu	小红书	大厂/主流	大厂/主流:;正文残缺:37字	媒体/社区/商店
xiaomi-sport	小米运动	大厂/主流	大厂/主流:	
xiaomi-vela	小米Vela物联网大赛	大厂/主流	大厂/主流:;获奖/比赛/人物:;正文残缺:32字	
xiaoshuimian	小睡眠	正文残缺	正文残缺:33字	
xiaoyuan	小猿搜题	大厂/主流	大厂/主流:;正文残缺:28字	
xiaozhouyu	小宇宙	大厂/主流	大厂/主流:	媒体/社区/商店
xigua	西瓜视频	大厂/主流	大厂/主流:;正文残缺:36字	
ximalaya	喜马拉雅	大厂/主流	大厂/主流:	媒体/社区/商店
xindao-diary	心岛日记	缺必填字段	缺必填字段:可迁移点;正文残缺:39字	媒体/社区/商店
xingset	形色	正文残缺	正文残缺:37字	
xingtu	醒图	大厂/主流	大厂/主流:;正文残缺:23字	
xiniuniao	腾讯犀牛鸟创新大赛	获奖/比赛/人物	获奖/比赛/人物:	
xinpianchang	新片场	大厂/主流	大厂/主流:	媒体/社区/商店
xiongmaochixiaoxi	熊猫吃短信	重复案例	重复案例:与 panda-sms 同名;正文残缺:24字	
xmind	XMind	正文残缺	正文残缺:29字	
xplorer	科学探索奖	大厂/主流	大厂/主流:;获奖/比赛/人物:;正文残缺:36字	
xueersi	学而思	大厂/主流	大厂/主流:	
xueqiu	雪球	大厂/主流	大厂/主流:;正文残缺:25字	媒体/社区/商店
xunfei-input	讯飞输入法	大厂/主流	大厂/主流:;正文残缺:39字	
xunfei-yuji	讯飞语记	大厂/主流	大厂/主流:;正文残缺:31字	
yehuo	野火电子	正文残缺	正文残缺:13字	
yiche	易车	大厂/主流	大厂/主流:;正文残缺:25字	媒体/社区/商店
yingshi-fengbao	影视飓风	正文残缺	正文残缺:17字	
yizhangjing	易掌经	缺必填字段	缺必填字段:可迁移点	
youdao-cidian	有道词典	大厂/主流	大厂/主流:;正文残缺:28字	
youdao-ext	有道词典插件	大厂/主流	大厂/主流:;正文残缺:32字	
young-thousand	青年千人计划	大厂/主流	大厂/主流:;正文残缺:16字	
youth-sci	中国科协青年科学家大赛	获奖/比赛/人物	获奖/比赛/人物:;正文残缺:27字	
youtube-nonstop	YouTube NonStop	缺必填字段	缺必填字段:可迁移点	
youtube-study-kit	Youtube Study Kit	缺必填字段	缺必填字段:可迁移点;获奖/比赛/人物:;无收入/纯捐赠:;正文残缺:0字	
yuepaoquan	悦跑圈	大厂/主流	大厂/主流:;正文残缺:23字	媒体/社区/商店
yumi-moshi	阅读模式	正文残缺	正文残缺:27字	
yunshanfu	云闪付	正文残缺	正文残缺:27字	
yuque-ext	语雀浏览器插件	正文残缺	正文残缺:34字	
yusheng-app	余生 - 查询同年同月同日生	缺必填字段	缺必填字段:可迁移点	
zgc-frontier	中关村国际前沿科技创新大赛	获奖/比赛/人物	获奖/比赛/人物:;正文残缺:29字	
zhangyue	掌阅	大厂/主流	大厂/主流:	
zhaoshang	招商银行	大厂/主流	大厂/主流:;正文残缺:33字	
zhengdianyuanzi	正点原子	正文残缺	正文残缺:19字	
zhihenjun	稚晖君	正文残缺	正文残缺:33字	
zhihu-algo	知乎算法大赛	大厂/主流	大厂/主流:;获奖/比赛/人物:;正文残缺:37字	媒体/社区/商店
zhihu	知乎	大厂/主流	大厂/主流:;正文残缺:29字	媒体/社区/商店
zhongan	众安保险	大厂/主流	大厂/主流:;正文残缺:34字	
zhongguo-xiangqi	中国象棋	正文残缺	正文残缺:25字	
zhuanzhuan	转转	正文残缺	正文残缺:18字	
ziwei-doushu	紫薇斗数	缺必填字段	缺必填字段:可迁移点	
zongheng	纵横小说	大厂/主流	大厂/主流:;正文残缺:25字	
zoom-extension	Zoom Extension	缺必填字段	缺必填字段:可迁移点;正文残缺:36字	
zotero	Zotero	正文残缺	正文残缺:33字	
zuimei-app	最美应用	大厂/主流	大厂/主流:	媒体/社区/商店
zuoyebang	作业帮	大厂/主流	大厂/主流:;正文残缺:33字	
